Ramal;Nome;Data;Hora;Duracao;Destino;UniqueID
7476;;01/05/2026;01:03:16;59;1732034091;1777597396.48962
7476;;01/05/2026;09:50:00;30;3433199403;1777629000.114
7476;;01/05/2026;09:53:45;30;1432278099;1777629224.120
7476;;01/05/2026;10:14:42;75;1432278099;1777630482.148
7478;;01/05/2026;10:17:38;2;1432278099;1777630658.161
7476;;01/05/2026;10:19:35;3;1630300037;1777630775.164
7476;;01/05/2026;10:41:44;28;3433199403;1777632104.209
7476;;01/05/2026;11:00:08;36;3433199403;1777633208.259
7476;;01/05/2026;11:30:11;59;1432278099;1777635011.295
7476;;01/05/2026;11:31:33;67;1732034091;1777635093.303
7476;;01/05/2026;11:47:32;97;3433199403;1777636052.324
7476;;01/05/2026;11:51:05;34;3433199403;1777636265.334
7478;;01/05/2026;12:23:30;23;3433199403;1777638210.419
7476;;01/05/2026;12:36:09;4;1631900610;1777638969.443
7476;;01/05/2026;12:36:33;3;1630300037;1777638993.449
7478;;01/05/2026;12:49:50;41;1635101711;1777639790.467
7476;;01/05/2026;12:56:51;70;3433199403;1777640211.486
7476;;01/05/2026;13:00:27;47;3433199403;1777640427.498
7478;;01/05/2026;13:56:18;71;1432278099;1777643778.566
7476;;01/05/2026;14:02:29;41;3433199403;1777644149.574
7476;;01/05/2026;14:07:26;17;1732034091;1777644446.587
7476;;01/05/2026;14:16:46;3;1630300037;1777645006.614
7476;;01/05/2026;14:19:05;122;3433199403;1777645145.622
7476;;01/05/2026;14:31:42;76;3433199403;1777645902.674
7478;;01/05/2026;14:36:49;119;1432278099;1777646209.686
7476;;01/05/2026;14:38:54;76;3433199403;1777646334.694
7476;;01/05/2026;14:46:29;40;3433199403;1777646789.731
7478;;01/05/2026;16:14:20;31;1635101711;1777652060.856
7476;;01/05/2026;17:23:14;34;3433199403;1777656194.930
7476;;01/05/2026;17:40:26;22;1732034091;1777657226.939
7476;;01/05/2026;17:49:52;135;3433199403;1777657792.949
7476;;01/05/2026;17:53:20;11;1432278099;1777658000.955
7476;;01/05/2026;17:57:53;3;1630300037;1777658273.961
7476;;01/05/2026;18:03:48;135;1732034091;1777658628.964
7476;;01/05/2026;18:39:54;85;1732034091;1777660794.994
7476;;01/05/2026;18:42:30;30;3433199403;1777660950.1005
7476;;01/05/2026;18:45:22;8;1732034091;1777661122.1021
7476;;01/05/2026;18:51:47;64;1732034091;1777661507.1024
7476;;01/05/2026;19:00:06;58;3433199403;1777662006.1033
7478;;01/05/2026;19:11:12;36;1432278099;1777662672.1057
7476;;01/05/2026;19:17:13;38;3433199403;1777663033.1063
7476;;01/05/2026;19:51:23;34;3433199403;1777665083.1087
7478;;01/05/2026;19:51:46;31;1432278099;1777665106.1089
7476;;01/05/2026;19:55:01;102;3433199403;1777665301.1093
7476;;01/05/2026;21:57:24;120;1432278099;1777672644.1158
7476;;01/05/2026;22:36:05;94;1432278099;1777674965.1165
7476;;01/05/2026;22:53:58;15;1732034091;1777676038.1182
7476;;01/05/2026;22:55:00;17;1432278099;1777676100.1185
7478;;01/05/2026;23:57:34;15;1732034091;1777679854.1206
7476;;02/05/2026;00:49:17;16;1732034091;1777682957.1221
7476;;02/05/2026;01:50:03;15;1732034091;1777686603.1244
7476;;02/05/2026;09:39:49;40;3433199403;1777714789.1285
7476;;02/05/2026;09:53:12;14;1732034091;1777715592.1323
7478;;02/05/2026;10:33:07;31;1432278099;1777717987.1350
7476;;02/05/2026;11:57:05;59;3433199403;1777723025.1485
7476;;02/05/2026;12:16:52;27;1732034091;1777724212.1517
7476;;02/05/2026;12:19:23;51;1432278099;1777724363.1523
7476;;02/05/2026;12:38:00;15;1732034091;1777725480.1546
7473;;02/05/2026;12:38:46;128;2121747500;1777725526.1550
7476;;02/05/2026;13:22:07;47;1633389039;1777728127.1608
7478;;02/05/2026;13:42:35;52;1432278099;1777729355.1634
7478;;02/05/2026;13:48:37;19;1432278099;1777729717.1657
7476;;02/05/2026;13:52:34;16;1732034091;1777729954.1668
7476;;02/05/2026;13:59:16;20;1732034091;1777730356.1685
7476;;02/05/2026;14:05:57;31;1732034091;1777730757.1700
7476;;02/05/2026;14:23:51;15;3433199403;1777731831.1735
7476;;02/05/2026;15:37:55;31;3433199403;1777736275.1844
7476;;02/05/2026;15:44:09;48;3433199403;1777736649.1869
7476;;02/05/2026;15:58:56;65;1732034091;1777737536.1875
7478;;02/05/2026;16:00:10;28;1432278099;1777737610.1881
7476;;02/05/2026;16:55:22;102;1732034091;1777740922.1946
7476;;02/05/2026;17:04:06;76;1732034091;1777741446.1952
7476;;02/05/2026;17:10:59;30;1732034091;1777741859.1955
7476;;02/05/2026;17:17:37;53;3433199403;1777742257.1961
7476;;02/05/2026;18:29:54;103;1432278099;1777746594.2035
7476;;02/05/2026;18:37:27;44;1432278099;1777747047.2050
7476;;02/05/2026;18:52:20;20;1732034091;1777747940.2086
7478;;02/05/2026;18:55:35;77;1432278099;1777748135.2089
7476;;02/05/2026;19:44:11;37;3433199403;1777751051.2147
7478;;02/05/2026;20:00:29;108;1432278099;1777752029.2150
7478;;02/05/2026;20:03:48;62;1432278099;1777752228.2156
7476;;02/05/2026;20:29:12;20;1732034091;1777753752.2191
7478;;02/05/2026;20:31:51;73;1432278099;1777753911.2194
7476;;02/05/2026;20:58:34;46;3433199403;1777755514.2217
7476;;02/05/2026;21:34:03;21;1432278099;1777757643.2259
7476;;03/05/2026;14:04:29;24;1732034091;1777817069.2670
7476;;03/05/2026;14:08:55;97;3433199403;1777817335.2679
7476;;03/05/2026;14:25:47;92;1432278099;1777818347.2696
7476;;03/05/2026;15:11:08;43;1732034091;1777821068.2737
7476;;03/05/2026;16:02:37;41;1732034091;1777824157.2754
7476;;03/05/2026;16:08:31;15;3433199403;1777824511.2757
7473;;03/05/2026;16:13:56;58;4132515460;1777824836.2763
7478;;03/05/2026;16:33:39;45;1432278099;1777826019.2783
7476;;03/05/2026;16:35:42;69;1432278099;1777826142.2786
7476;;03/05/2026;16:43:45;1;1432278099;1777826625.2792
7476;;03/05/2026;16:44:45;35;1432278099;1777826685.2795
7476;;03/05/2026;17:15:53;49;1732034091;1777828553.2798
7476;;03/05/2026;17:19:23;52;3433199403;1777828763.2801
7476;;03/05/2026;17:20:54;25;3433199403;1777828854.2804
7476;;03/05/2026;17:29:08;17;1732034091;1777829348.2821
7476;;03/05/2026;18:14:55;14;1732034091;1777832095.2842
7476;;03/05/2026;18:17:22;46;3433199403;1777832242.2848
7476;;03/05/2026;19:05:25;11;1432278099;1777835125.2881
7476;;03/05/2026;19:08:46;130;1432278099;1777835326.2887
7476;;03/05/2026;19:31:36;34;3433199403;1777836696.2905
7478;;03/05/2026;19:56:10;45;1432278099;1777838170.2917
7478;;03/05/2026;20:46:07;67;1432278099;1777841167.2942
7476;;03/05/2026;21:01:03;83;3433199403;1777842063.2959
7476;;03/05/2026;21:09:08;16;1732034091;1777842548.2977
7478;;03/05/2026;21:26:27;81;3433199403;1777843587.2995
7478;;03/05/2026;21:30:11;28;1432278099;1777843811.2998
7476;;03/05/2026;21:34:27;16;3433199403;1777844067.3001
7478;;03/05/2026;21:56:09;36;1432278099;1777845369.3014
7476;;03/05/2026;23:00:32;12;1732034091;1777849232.3048
7478;;03/05/2026;23:26:21;9;1432278099;1777850781.3064
7478;;04/05/2026;00:01:57;6;1732034091;1777852917.3079
7478;;04/05/2026;00:02:23;26;1732034091;1777852943.3082
7473;;04/05/2026;00:49:29;154;4132515460;1777855769.3085
7476;;04/05/2026;01:05:25;27;1732034091;1777856725.3088
7473;;04/05/2026;01:15:14;26;4132515460;1777857314.3091
7476;;04/05/2026;08:50:05;21;1732034091;1777884605.3129
7473;;04/05/2026;09:35:09;33;4132515460;1777887309.3168
7476;;04/05/2026;09:50:25;40;1732034091;1777888225.3211
7476;;04/05/2026;09:59:27;68;3433199403;1777888767.3230
7476;;04/05/2026;10:04:34;37;3433199403;1777889074.3240
7476;;04/05/2026;10:20:17;45;3433199403;1777890017.3257
7476;;04/05/2026;10:54:21;62;1732034091;1777892061.3355
7476;;04/05/2026;10:58:32;60;1432278099;1777892312.3363
7476;;04/05/2026;11:05:20;18;1732034091;1777892720.3440
7476;;04/05/2026;11:12:40;15;1432278099;1777893160.3496
7476;;04/05/2026;11:41:28;44;1432278099;1777894888.3900
7476;;04/05/2026;12:03:51;17;1630300037;1777896231.4310
7476;;04/05/2026;12:17:03;35;3433199403;1777897023.4585
7476;;04/05/2026;12:20:18;82;3433199403;1777897218.4657
7117;CH ADM PAYS;04/05/2026;12:31:37;172;6120232155;1777897897.4896
7149;SAC RECE FISI;04/05/2026;12:34:01;9;997519031;1777898041.4930
7478;;04/05/2026;12:42:42;36;1432278099;1777898562.5166
7478;;04/05/2026;12:49:00;44;1432278099;1777898940.5334
7826;SSTAE AUX 1;04/05/2026;12:59:56;5;6121095124;1777899596.5605
7826;SSTAE AUX 1;04/05/2026;13:00:29;4;6121095123;1777899629.5637
7476;;04/05/2026;13:00:58;71;3433199403;1777899658.5643
7826;SSTAE AUX 1;04/05/2026;13:01:31;3;6121095124;1777899691.5659
7478;;04/05/2026;13:01:33;22;1635101711;1777899693.5661
7476;;04/05/2026;13:05:47;50;1432278099;1777899947.5770
7476;;04/05/2026;13:14:46;88;3433199403;1777900486.5956
7478;;04/05/2026;13:16:01;34;1630300037;1777900561.5985
7476;;04/05/2026;13:16:47;1;1630300037;1777900607.6002
7476;;04/05/2026;14:11:53;14;1633389039;1777903913.7141
7476;;04/05/2026;14:17:07;12;1732034091;1777904227.7262
7148;SDFAR;04/05/2026;14:17:21;2;18996159917;1777904241.7265
7476;;04/05/2026;14:22:11;39;3433199403;1777904531.7467
7478;;04/05/2026;14:25:34;64;1432278099;1777904734.7575
7148;SDFAR;04/05/2026;14:33:11;6;18996159917;1777905191.7807
7476;;04/05/2026;16:38:46;144;1432278099;1777912726.8973
7476;;04/05/2026;16:49:55;58;1633389039;1777913395.9173
7478;;04/05/2026;16:50:01;45;1635101711;1777913401.9175
7899;SAVP ENC;04/05/2026;16:52:11;60;982584843;1777913531.9231
7476;;04/05/2026;17:22:23;71;1432278099;1777915343.9647
7476;;04/05/2026;17:26:51;41;1633389039;1777915611.9731
7476;;04/05/2026;17:30:40;10;1432278099;1777915840.9827
7476;;04/05/2026;17:31:06;8;1732034091;1777915866.9840
7478;;04/05/2026;17:34:53;60;1432278099;1777916093.9887
7478;;04/05/2026;18:15:18;30;1633389039;1777918518.10634
7478;;04/05/2026;19:15:23;63;1432278099;1777922123.11358
7478;;04/05/2026;19:18:49;22;1432278099;1777922329.11376
7478;;04/05/2026;19:48:21;32;1635101711;1777924101.11489
7476;;04/05/2026;19:59:46;40;1732034091;1777924786.11515
7478;;04/05/2026;20:00:53;33;1633389039;1777924853.11529
7478;;04/05/2026;20:01:54;2;1631900610;1777924914.11537
7478;;04/05/2026;20:03:28;17;1631900610;1777925008.11542
7476;;04/05/2026;20:32:30;142;3433199403;1777926750.11651
7476;;04/05/2026;20:37:27;17;1633389039;1777927047.11678
7476;;04/05/2026;20:38:34;11;1432278099;1777927114.11683
7476;;04/05/2026;20:38:58;8;1732034091;1777927138.11690
7478;;04/05/2026;20:45:13;27;1432278099;1777927513.11714
7476;;04/05/2026;21:06:24;16;1732034091;1777928784.11770
7476;;04/05/2026;21:22:46;19;1732034091;1777929766.11778
7478;;04/05/2026;21:32:34;3;1631900610;1777930354.11786
7476;;04/05/2026;22:02:41;34;1432278099;1777932161.11844
7478;;04/05/2026;22:15:17;6;1631900610;1777932917.11868
7476;;04/05/2026;22:59:18;13;1732034091;1777935558.11931
7473;;04/05/2026;23:16:40;4;34999967572;1777936600.11966
7473;;04/05/2026;23:17:32;339;34999967572;1777936652.11971
7478;;04/05/2026;23:44:04;8;1432278099;1777938244.11987
7476;;05/05/2026;00:49:38;17;1732034091;1777942178.12037
7478;;05/05/2026;09:21:50;30;1432278099;1777972910.3
7478;;05/05/2026;09:31:20;22;1432278099;1777973480.22
7476;;05/05/2026;10:35:45;23;1633389039;1777977345.182
7476;;05/05/2026;10:39:16;40;3433199403;1777977556.189
7476;;05/05/2026;10:41:01;57;3433199403;1777977661.198
7476;;05/05/2026;10:49:04;11;1732034091;1777978144.224
7476;;05/05/2026;10:49:50;24;1432278099;1777978190.229
7476;;05/05/2026;11:04:15;21;1432278099;1777979055.319
7476;;05/05/2026;11:13:20;53;3433199403;1777979600.389
7473;;05/05/2026;11:19:10;59;4132515460;1777979950.482
7476;;05/05/2026;11:19:56;21;1732034091;1777979996.504
7478;;05/05/2026;11:21:09;43;1432278099;1777980069.525
7476;;05/05/2026;11:23:12;51;1631900610;1777980192.558
7473;;05/05/2026;11:30:30;90;4132515366;1777980630.663
7473;;05/05/2026;11:33:45;48;4132515460;1777980825.691
7360;SC ANAL CLI;05/05/2026;11:41:39;8;981103384;1777981299.787
7473;;05/05/2026;11:42:50;17;4132515366;1777981370.826
7478;;05/05/2026;11:43:02;76;1631900610;1777981382.834
7478;;05/05/2026;11:58:41;70;1432278099;1777982321.1028
7478;;05/05/2026;12:03:14;23;1635101711;1777982594.1064
6803;SIS CH 2;05/05/2026;12:17:37;353;1122247079;1777983457.1221
7476;;05/05/2026;12:18:42;17;1635101711;1777983522.1238
7826;SSTAE AUX 1;05/05/2026;12:19:05;5;6121095124;1777983545.1245
7826;SSTAE AUX 1;05/05/2026;12:19:33;5;6121095123;1777983573.1264
7826;SSTAE AUX 1;05/05/2026;12:22:36;5;6121095363;1777983756.1318
7826;SSTAE AUX 1;05/05/2026;12:23:04;3;6121095124;1777983784.1333
7826;SSTAE AUX 1;05/05/2026;12:51:42;58;35613518;1777985502.1677
7364;SIS INSP S;05/05/2026;13:10:57;551;1122247144;1777986657.2024
7117;CH ADM PAYS;05/05/2026;13:37:52;217;6120232160;1777988272.2653
7097;SPC CH;05/05/2026;13:44:48;6;991097528;1777988688.2834
7476;;05/05/2026;14:03:06;11;1732034091;1777989786.3195
7478;;05/05/2026;14:47:07;26;1432278099;1777992427.3761
7473;;05/05/2026;14:49:02;19;4132515460;1777992542.3767
7473;;05/05/2026;15:01:17;58;4132515322;1777993277.3834
7478;;05/05/2026;15:04:37;63;1432278099;1777993477.3872
7478;;05/05/2026;15:16:04;57;1432278099;1777994164.3928
7478;;05/05/2026;15:21:23;48;1432278099;1777994483.3974
6803;SIS CH 2;05/05/2026;16:32:30;256;1122247144;1777998750.4757
7478;;05/05/2026;16:41:33;46;1432278099;1777999293.4877
7476;;05/05/2026;17:03:01;22;1633389039;1778000581.5267
7476;;05/05/2026;17:18:55;67;3433199403;1778001535.5576
7476;;05/05/2026;17:23:04;51;1633389039;1778001784.5684
7476;;05/05/2026;17:24:20;74;1432278099;1778001860.5721
6803;SIS CH 2;05/05/2026;17:25:45;72;999885452;1778001945.5744
7478;;05/05/2026;17:32:45;7;1631900610;1778002365.5900
7478;;05/05/2026;17:36:05;32;1633389039;1778002565.5981
7476;;05/05/2026;17:40:48;14;1732034091;1778002848.6106
7175;SAVP PENS;05/05/2026;17:46:31;3;364611502;1778003191.6227
7175;SAVP PENS;05/05/2026;17:46:57;13;971195088;1778003217.6240
7175;SAVP PENS;05/05/2026;17:47:31;12;971195088;1778003251.6265
7175;SAVP PENS;05/05/2026;17:55:57;14;971195088;1778003757.6379
7175;SAVP PENS;05/05/2026;17:57:04;2;36461502;1778003823.6394
7826;SSTAE AUX 1;05/05/2026;18:02:21;4;6121095431;1778004141.6472
7478;;05/05/2026;18:09:30;73;1635101711;1778004570.6609
7476;;05/05/2026;18:21:33;118;1432278099;1778005293.6848
7478;;05/05/2026;18:23:34;12;1732034091;1778005414.6895
7476;;05/05/2026;18:23:54;20;1635101711;1778005434.6904
7476;;05/05/2026;18:32:17;20;1732034091;1778005937.7063
7175;SAVP PENS;05/05/2026;18:38:03;13;971195088;1778006283.7171
7478;;05/05/2026;18:40:43;53;1432278099;1778006443.7202
7476;;05/05/2026;19:07:34;132;1432278099;1778008054.7478
7478;;05/05/2026;19:36:01;13;1633389039;1778009761.7626
7478;;05/05/2026;19:36:51;33;1635101711;1778009811.7629
7476;;05/05/2026;20:22:00;15;1732034091;1778012520.7785
7476;;05/05/2026;20:34:36;3;1630300037;1778013276.7839
7942;;05/05/2026;20:46:32;77;2121747303;1778013992.7864
7476;;06/05/2026;01:15:41;15;1732034091;1778030141.8036
7478;;06/05/2026;09:30:38;19;1432278099;1778059838.8182
7476;;06/05/2026;09:32:58;72;3433199403;1778059978.8186
7476;;06/05/2026;09:36:50;102;3433199403;1778060210.8207
7478;;06/05/2026;09:37:29;31;1633389039;1778060249.8212
7476;;06/05/2026;09:43:53;34;3433199403;1778060633.8225
7476;;06/05/2026;10:13:15;45;3433199403;1778062395.27
7476;;06/05/2026;10:21:20;54;1732034091;1778062880.48
7476;;06/05/2026;10:22:39;16;1432278099;1778062959.59
7476;;06/05/2026;10:31:03;61;3433199403;1778063463.84
7476;;06/05/2026;10:45:37;12;1432278099;1778064337.121
7476;;06/05/2026;10:46:03;56;1732034091;1778064363.127
7476;;06/05/2026;10:52:00;38;1732034091;1778064720.178
7476;;06/05/2026;11:01:37;31;1633389039;1778065297.209
7476;;06/05/2026;11:13:24;32;3433199403;1778066004.300
7476;;06/05/2026;11:16:24;14;3433199403;1778066184.348
7476;;06/05/2026;11:23:42;28;3433199403;1778066622.498
7478;;06/05/2026;11:40:25;98;1432278099;1778067625.848
7478;;06/05/2026;11:44:25;41;1635101711;1778067865.918
7148;SDFAR;06/05/2026;11:53:00;420;2136263200;1778068380.1052
7478;;06/05/2026;11:56:26;56;1432278099;1778068586.1094
7478;;06/05/2026;12:07:32;66;1432278099;1778069252.1315
7478;;06/05/2026;12:16:24;9;1432278099;1778069784.1554
7478;;06/05/2026;12:20:56;88;1432278099;1778070056.1643
7476;;06/05/2026;12:22:28;39;1633389039;1778070148.1679
7140;AUX SAD SAUX GSAU 2;06/05/2026;12:33:56;183;8133226524;1778070836.1919
7478;;06/05/2026;12:44:50;17;1432278099;1778071490.2104
7478;;06/05/2026;12:45:33;20;1432278099;1778071533.2115
7476;;06/05/2026;12:49:31;27;3433199403;1778071771.2208
7478;;06/05/2026;12:51:18;24;1633389039;1778071878.2242
7476;;06/05/2026;18:30:03;39;1633389039;1778092203.6590
7476;;06/05/2026;18:34:14;53;1633389039;1778092454.6662
7478;;06/05/2026;18:39:36;156;1432278099;1778092776.6759
7479;;06/05/2026;18:40:45;6;19997727749;1778092845.6784
7476;;06/05/2026;18:40:53;44;3433199403;1778092853.6788
7476;;06/05/2026;18:42:04;39;3433199403;1778092924.6806
7478;;06/05/2026;18:48:05;39;1432278099;1778093285.6920
7478;;06/05/2026;18:53:34;16;1432278099;1778093614.6993
7476;;06/05/2026;18:53:34;46;1633389039;1778093614.6991
7476;;06/05/2026;19:01:09;51;3433199403;1778094069.7067
7476;;06/05/2026;19:06:43;75;1432278099;1778094403.7095
7476;;06/05/2026;19:08:52;50;1732034091;1778094532.7113
7476;;06/05/2026;19:30:19;11;1633389039;1778095819.7244
7476;;06/05/2026;19:37:41;19;1633389039;1778096261.7277
7476;;06/05/2026;19:56:45;16;1432278099;1778097405.7326
7478;;06/05/2026;20:27:41;145;1432278099;1778099261.7490
7478;;06/05/2026;20:56:08;36;1432278099;1778100968.7593
7476;;06/05/2026;21:07:16;37;1732034091;1778101636.7624
7478;;06/05/2026;21:23:41;33;3433199403;1778102621.7653
7476;;06/05/2026;22:33:11;16;1732034091;1778106791.7736
7473;;06/05/2026;23:56:07;41;4132515366;1778111767.7807
7473;;07/05/2026;00:03:10;19;4132515366;1778112190.7813
7476;;07/05/2026;08:43:38;41;1732034091;1778143418.7878
7476;;07/05/2026;08:57:22;161;3433199403;1778144242.7886
7476;;07/05/2026;09:17:59;115;1432278099;1778145479.7901
7476;;07/05/2026;09:31:59;52;1432278099;1778146319.7913
7476;;07/05/2026;09:44:02;13;1732034091;1778147042.7916
7476;;07/05/2026;10:08:26;46;1432278099;1778148506.7996
7476;;07/05/2026;10:14:23;30;3433199403;1778148863.8023
7476;;07/05/2026;10:27:17;14;3433199403;1778149637.8053
7476;;07/05/2026;10:48:21;38;1732034091;1778150901.8084
7476;;07/05/2026;10:58:35;34;3433199403;1778151515.8141
7476;;07/05/2026;11:22:50;42;1432278099;1778152970.8373
7476;;07/05/2026;11:38:37;103;1732034091;1778153917.8497
7478;;07/05/2026;11:58:50;75;1635101711;1778155130.8698
7476;;07/05/2026;11:59:40;23;3433199403;1778155180.8705
7161;SCAP ENC;07/05/2026;12:12:27;514;6139669142;1778155947.8860
7476;;07/05/2026;12:19:57;38;1732034091;1778156397.9016
7478;;07/05/2026;12:22:28;78;1432278099;1778156548.9093
7478;;07/05/2026;12:30:02;96;1432278099;1778157002.9257
7478;;07/05/2026;12:32:46;81;1432278099;1778157166.9300
7478;;07/05/2026;12:52:20;41;1432278099;1778158340.9643
7478;;07/05/2026;12:55:18;16;1432278099;1778158518.9701
7478;;07/05/2026;12:55:58;9;1732034091;1778158558.9729
7478;;07/05/2026;13:00:04;71;1635101711;1778158804.9844
7476;;07/05/2026;13:09:43;14;1732034091;1778159383.10039
7478;;07/05/2026;13:20:42;124;1635101711;1778160042.10283
7476;;07/05/2026;13:23:59;48;1432278099;1778160239.10383
7478;;07/05/2026;13:24:19;32;1635101711;1778160259.10393
7592;;07/05/2026;13:50:57;177;6120232108;1778161857.10938
7478;;07/05/2026;13:55:20;36;1432278099;1778162120.11060
7478;;07/05/2026;13:57:34;42;1635101711;1778162254.11084
7476;;07/05/2026;14:03:11;45;1432278099;1778162591.11204
7476;;07/05/2026;14:11:30;41;1732034091;1778163090.11331
7476;;07/05/2026;14:12:29;63;1630300037;1778163149.11341
7476;;07/05/2026;14:14:40;28;1633389039;1778163280.11368
7476;;07/05/2026;14:18:09;54;1732034091;1778163489.11417
7364;SIS INSP S;07/05/2026;14:28:27;111;35613331;1778164107.11581
7476;;07/05/2026;14:48:52;28;3433199403;1778165332.11828
7476;;07/05/2026;14:53:42;17;1633389039;1778165622.11881
7582;ENC ALMOX PAYS;07/05/2026;16:06:07;151;8009704828;1778169967.12358
7582;ENC ALMOX PAYS;07/05/2026;16:09:53;174;8009704828;1778170193.12434
7582;ENC ALMOX PAYS;07/05/2026;16:23:15;40;35618950;1778170995.12639
7582;ENC ALMOX PAYS;07/05/2026;16:27:58;212;8009704828;1778171278.12702
7582;ENC ALMOX PAYS;07/05/2026;16:37:41;181;8009704828;1778171861.12848
7582;ENC ALMOX PAYS;07/05/2026;16:47:48;61;8007244845;1778172468.13018
7582;ENC ALMOX PAYS;07/05/2026;17:05:00;587;8007244845;1778173500.13214
7582;ENC ALMOX PAYS;07/05/2026;17:15:03;238;8007244845;1778174103.13289
7476;;07/05/2026;17:22:06;46;3433199403;1778174526.13359
7476;;07/05/2026;17:46:54;54;1432278099;1778176014.13691
7582;ENC ALMOX PAYS;07/05/2026;17:48:53;199;8007244845;1778176133.13729
7582;ENC ALMOX PAYS;07/05/2026;17:52:23;1323;8007244845;1778176343.13786
7476;;07/05/2026;18:05:42;44;3433199403;1778177142.13993
7478;;07/05/2026;18:07:51;65;1432278099;1778177271.14022
7476;;07/05/2026;18:09:04;34;1630300037;1778177344.14045
7476;;07/05/2026;18:12:55;18;3433199403;1778177575.14116
7476;;07/05/2026;18:18:36;30;1732034091;1778177916.14226
7476;;07/05/2026;19:53:34;11;3433199403;1778183614.15113
7476;;07/05/2026;19:59:10;17;1732034091;1778183950.15139
7476;;07/05/2026;20:05:21;38;1432278099;1778184321.15175
7476;;07/05/2026;20:07:53;54;1432278099;1778184473.15198
7476;;07/05/2026;20:10:30;11;1732034091;1778184630.15241
7476;;07/05/2026;20:11:33;18;1432278099;1778184693.15259
7478;;07/05/2026;20:11:35;28;1631900610;1778184695.15261
7476;;07/05/2026;20:14:32;20;1633389039;1778184872.15286
7476;;07/05/2026;20:29:19;45;3433199403;1778185759.15340
7476;;07/05/2026;20:42:13;10;1732034091;1778186533.15386
7476;;07/05/2026;20:43:32;11;1432278099;1778186612.15392
7478;;07/05/2026;21:04:46;67;1432278099;1778187886.15460
7476;;07/05/2026;21:09:36;13;1732034091;1778188176.15484
7476;;07/05/2026;21:31:16;54;1732034091;1778189476.15521
7476;;07/05/2026;21:32:32;67;1432278099;1778189552.15527
7476;;07/05/2026;21:33:55;23;3433199403;1778189635.15538
7476;;07/05/2026;21:35:19;13;3433199403;1778189719.15542
7478;;07/05/2026;21:35:53;34;1432278099;1778189753.15545
7476;;07/05/2026;21:40:27;31;1732034091;1778190027.15558
7476;;07/05/2026;22:29:32;49;3433199403;1778192972.15600
7478;;07/05/2026;22:29:33;14;1633389039;1778192973.15602
7476;;07/05/2026;23:02:28;17;1732034091;1778194948.15634
7478;;08/05/2026;00:59:17;15;1732034091;1778201957.15729
7478;;08/05/2026;09:31:24;38;1432278099;1778232684.15772
7479;;08/05/2026;09:45:12;10;19999626098;1778233512.15790
7479;;08/05/2026;09:49:52;28;999626098;1778233792.15803
7478;;08/05/2026;10:15:15;11;1432278099;1778235315.15844
7478;;08/05/2026;10:16:38;46;1432278099;1778235398.15854
7478;;08/05/2026;10:35:07;61;1432278099;1778236507.15886
7476;;08/05/2026;10:43:24;69;1732034091;1778237004.15915
7478;;08/05/2026;10:50:38;19;1432278099;1778237438.15930
7476;;08/05/2026;10:53:38;20;1732034091;1778237618.15945
7476;;08/05/2026;10:54:46;28;1633389039;1778237686.15948
7478;;08/05/2026;11:19:01;17;1633389039;1778239141.16197
7476;;08/05/2026;11:24:09;16;1732034091;1778239449.16275
7476;;08/05/2026;11:29:07;15;1732034091;1778239747.16361
7476;;08/05/2026;11:56:59;54;3433199403;1778241419.16858
7476;;08/05/2026;12:05:28;35;1633389039;1778241928.17004
7476;;08/05/2026;12:13:06;28;1633389039;1778242386.17142
7478;;08/05/2026;12:13:38;16;1732034091;1778242418.17156
7476;;08/05/2026;12:14:15;36;1633389039;1778242455.17179
7149;SAC RECE FISI;08/05/2026;12:14:59;32;971199079;1778242499.17199
7476;;08/05/2026;12:17:29;17;1633389039;1778242649.17283
7364;SIS INSP S;08/05/2026;12:20:50;586;16981092974;1778242850.17393
6522;Aux pessoal EDA;08/05/2026;12:23:41;1;55981184964;1778243021.17464
7478;;08/05/2026;12:34:40;107;1432278099;1778243680.17711
7478;;08/05/2026;12:48:13;45;1432278099;1778244493.18009
7826;SSTAE AUX 1;08/05/2026;13:03:22;5;6121095363;1778245402.18318
7478;;08/05/2026;13:09:23;53;1432278099;1778245763.18468
7476;;08/05/2026;13:14:18;46;3433199403;1778246058.18562
7476;;08/05/2026;13:17:49;10;3433199403;1778246269.18639
7476;;08/05/2026;13:20:16;48;1432278099;1778246416.18704
7476;;08/05/2026;13:36:49;43;1432278099;1778247409.19129
7476;;08/05/2026;13:38:39;98;3433199403;1778247519.19176
7476;;08/05/2026;13:49:53;55;3433199403;1778248193.19401
7478;;08/05/2026;13:55:37;48;1432278099;1778248537.19573
7476;;08/05/2026;14:05:22;38;3433199403;1778249122.19743
7478;;08/05/2026;14:08:57;110;1432278099;1778249337.19792
7582;ENC ALMOX PAYS;08/05/2026;14:15:17;19;35618950;1778249717.19920
7478;;08/05/2026;14:22:22;55;1432278099;1778250142.20009
7476;;08/05/2026;14:33:02;34;1633389039;1778250782.20173
7478;;08/05/2026;14:36:56;70;1432278099;1778251016.20243
7478;;08/05/2026;14:38:45;15;1432278099;1778251125.20271
7478;;08/05/2026;14:41:55;94;1432278099;1778251315.20332
7478;;08/05/2026;15:06:00;101;1432278099;1778252760.20617
7476;;08/05/2026;15:07:45;30;1633389039;1778252865.20623
7478;;08/05/2026;15:33:08;22;1432278099;1778254388.20750
7478;;08/05/2026;17:03:03;67;1432278099;1778259783.21141
7476;;08/05/2026;17:05:53;13;1432278099;1778259953.21150
7478;;08/05/2026;17:17:01;61;1432278099;1778260621.21189
7476;;08/05/2026;17:41:53;56;3433199403;1778262113.21294
7478;;08/05/2026;17:52:18;87;1432278099;1778262738.21330
7478;;08/05/2026;18:09:55;23;16997545734;1778263795.21432
7476;;08/05/2026;18:16:09;32;1732034091;1778264169.21455
7478;;08/05/2026;18:16:11;77;16997545734;1778264171.21457
7476;;08/05/2026;18:16:57;64;1432278099;1778264217.21460
7478;;08/05/2026;18:21:52;80;16997545734;1778264512.21480
7478;;08/05/2026;18:24:20;46;16997545734;1778264660.21492
7476;;08/05/2026;18:24:22;6;1630300037;1778264662.21494
7478;;08/05/2026;18:25:39;3;1630300037;1778264739.21498
7476;;08/05/2026;18:34:34;46;16997545734;1778265274.21529
7476;;08/05/2026;18:38:46;46;16997545734;1778265526.21544
7476;;08/05/2026;18:47:46;48;16997545734;1778266066.21576
7476;;08/05/2026;19:00:42;61;16997545734;1778266842.21607
7478;;08/05/2026;19:01:16;38;3433311218;1778266876.21612
7476;;08/05/2026;19:28:43;3;1635101711;1778268523.21679
7476;;08/05/2026;19:29:06;55;1732034091;1778268546.21683
7476;;08/05/2026;19:30:45;19;1635101711;1778268645.21689
7476;;08/05/2026;19:40:13;41;16997545734;1778269213.21717
7476;;08/05/2026;20:02:21;33;3433199403;1778270541.21767
7476;;08/05/2026;20:08:46;17;3433199403;1778270926.21775
7476;;08/05/2026;20:10:46;41;16997545734;1778271046.21781
7476;;08/05/2026;20:14:49;5;1630300037;1778271289.21786
7478;;08/05/2026;20:15:18;3;3433311218;1778271318.21796
7478;;08/05/2026;20:16:08;36;3433311218;1778271368.21805
7476;;08/05/2026;20:25:22;33;16997545734;1778271922.21858
7476;;08/05/2026;20:28:52;17;16997545734;1778272132.21939
7476;;08/05/2026;20:29:40;118;1432278099;1778272180.21943
7478;;08/05/2026;20:34:07;11;16997545734;1778272447.21956
7478;;08/05/2026;20:37:23;54;1432278099;1778272643.21968
7476;;08/05/2026;20:46:07;10;3433199403;1778273167.21990
7478;;08/05/2026;20:52:34;28;1432278099;1778273554.22006
7476;;08/05/2026;21:06:42;13;1732034091;1778274402.22025
7476;;08/05/2026;21:35:52;23;16997545734;1778276152.22066
7476;;08/05/2026;21:40:00;13;16997545734;1778276400.22077
7476;;08/05/2026;21:44:43;19;16997545734;1778276683.22098
7476;;08/05/2026;21:47:00;13;1432278099;1778276820.22101
7476;;08/05/2026;21:47:36;7;1732034091;1778276856.22104
7476;;08/05/2026;22:00:01;28;3433311218;1778277601.22113
7786;SMD CH PRONT AT;08/05/2026;22:25:51;78;35618957;1778279151.22138
7473;;08/05/2026;22:48:03;57;17996120202;1778280483.22164
7473;;08/05/2026;23:05:57;0;19998298880;1778281557.22188
7476;;08/05/2026;23:33:25;11;1732034091;1778283205.22207
7478;;09/05/2026;00:06:28;45;1631900610;1778285188.22225
7786;SMD CH PRONT AT;09/05/2026;04:49:48;13;84987893422;1778302188.22250
7786;SMD CH PRONT AT;09/05/2026;04:50:43;10;84987893422;1778302243.22253
7786;SMD CH PRONT AT;09/05/2026;04:56:57;203;84987893422;1778302617.22256
7476;;09/05/2026;09:19:43;23;3433199403;1778318383.22271
7476;;09/05/2026;09:52:08;18;1732034091;1778320328.22319
7476;;09/05/2026;11:05:27;35;1732034091;1778324727.22379
7476;;09/05/2026;11:08:01;10;1732034091;1778324881.22384
7476;;09/05/2026;11:15:22;40;3433199403;1778325322.22394
7476;;09/05/2026;11:25:39;44;3433199403;1778325939.22399
7476;;09/05/2026;11:55:32;3;1630300037;1778327732.22448
7476;;09/05/2026;12:16:50;66;3433199403;1778329010.22495
7478;;09/05/2026;12:18:42;82;1432278099;1778329122.22498
7476;;09/05/2026;12:39:54;46;1432278099;1778330394.22560
7476;;09/05/2026;13:03:00;22;1432278099;1778331780.22583
7478;;09/05/2026;13:15:32;35;1432278099;1778332532.22624
7476;;09/05/2026;13:49:32;21;1432278099;1778334572.22689
7478;;09/05/2026;14:10:49;40;1432278099;1778335849.22706
7476;;09/05/2026;14:19:26;16;1732034091;1778336366.22720
7478;;09/05/2026;14:33:34;66;1432278099;1778337214.22747
7476;;09/05/2026;14:36:36;0;3433199403;1778337396.22755
7476;;09/05/2026;14:37:10;29;3433199403;1778337430.22758
7478;;09/05/2026;14:51:05;11;1432278099;1778338265.22776
7476;;09/05/2026;16:06:57;14;1732034091;1778342817.22926
7476;;09/05/2026;16:13:06;121;3433199403;1778343186.22936
7476;;09/05/2026;16:26:44;18;1732034091;1778344004.22960
7476;;09/05/2026;16:41:37;60;3433199403;1778344897.22991
7476;;09/05/2026;17:09:13;115;3433199403;1778346553.23013
7476;;09/05/2026;17:14:11;17;3433199403;1778346851.23025
7476;;09/05/2026;17:15:01;78;3433199403;1778346901.23028
7476;;09/05/2026;17:40:29;62;16997545734;1778348429.23060
7476;;09/05/2026;17:56:43;11;1631900610;1778349403.23100
7476;;09/05/2026;17:57:18;4;1631900610;1778349438.23102
7476;;09/05/2026;18:03:31;6;1631900610;1778349811.23111
7476;;09/05/2026;18:14:14;62;3433199403;1778350454.23126
7478;;09/05/2026;18:36:36;26;1635101711;1778351796.23171
7476;;09/05/2026;18:44:18;43;1432278099;1778352258.23179
7476;;09/05/2026;18:45:18;54;3433199403;1778352318.23183
7476;;09/05/2026;18:54:24;29;1630300037;1778352864.23198
7476;;09/05/2026;19:09:16;112;1432278099;1778353756.23214
7476;;09/05/2026;19:17:19;13;1432278099;1778354239.23217
7478;;09/05/2026;20:03:13;82;1432278099;1778356993.23308
7478;;09/05/2026;20:12:59;49;1432278099;1778357579.23311
7478;;09/05/2026;21:24:38;9;1432278099;1778361878.23337
7476;;09/05/2026;21:27:08;15;1732034091;1778362028.23340
7478;;09/05/2026;21:29:25;39;1432278099;1778362165.23343
7476;;09/05/2026;22:52:35;14;1732034091;1778367155.23434
7476;;10/05/2026;11:35:07;16;1732034091;1778412907.23705
7476;;10/05/2026;12:07:47;101;1432278099;1778414867.23736
7478;;10/05/2026;12:22:46;45;1432278099;1778415766.23762
7476;;10/05/2026;12:32:11;127;1432278099;1778416331.23765
7476;;10/05/2026;12:35:08;23;1732034091;1778416508.23774
7476;;10/05/2026;12:58:07;38;1732034091;1778417887.23786
7476;;10/05/2026;13:54:08;65;1732034091;1778421248.23812
7476;;10/05/2026;13:57:36;13;1732034091;1778421456.23815
7476;;10/05/2026;14:01:24;20;3433199403;1778421684.23818
7476;;10/05/2026;14:06:34;22;1732034091;1778421994.23836
7478;;10/05/2026;14:06:52;163;1432278099;1778422012.23838
7476;;10/05/2026;15:03:16;57;1732034091;1778425396.23871
7476;;10/05/2026;15:04:47;45;1432278099;1778425487.23874
7476;;10/05/2026;15:11:15;69;1732034091;1778425875.23883
7476;;10/05/2026;16:07:47;4;1630300037;1778429267.23907
7476;;10/05/2026;16:14:40;89;3433199403;1778429680.23910
7476;;10/05/2026;16:18:53;30;3433199403;1778429933.23913
7476;;10/05/2026;16:32:38;23;3433199403;1778430758.23924
7478;;10/05/2026;16:57:05;43;1432278099;1778432225.23942
7476;;10/05/2026;17:20:11;33;3433199403;1778433611.23962
7476;;10/05/2026;17:45:38;28;1732034091;1778435138.23971
7476;;10/05/2026;18:08:42;14;1732034091;1778436522.23989
7476;;10/05/2026;18:11:48;20;3433199403;1778436708.23992
7476;;10/05/2026;18:14:47;15;3433199403;1778436887.23995
7478;;10/05/2026;18:18:44;44;1432278099;1778437124.23998
7478;;10/05/2026;18:20:59;11;1432278099;1778437259.24001
7476;;10/05/2026;20:32:20;31;3433199403;1778445140.24053
7476;;10/05/2026;20:33:28;13;3433199403;1778445208.24056
7476;;10/05/2026;20:34:38;17;1432278099;1778445278.24059
7476;;10/05/2026;21:17:52;15;1732034091;1778447872.24073
7478;;10/05/2026;21:24:37;34;1432278099;1778448277.24079
7476;;10/05/2026;21:36:46;19;3433199403;1778449006.24082
7476;;10/05/2026;21:52:01;13;1732034091;1778449921.24091
7478;;10/05/2026;21:55:33;47;1432278099;1778450133.24094
7476;;10/05/2026;22:04:23;12;3433199403;1778450663.24103
7476;;10/05/2026;23:14:42;32;1732034091;1778454882.24150
7473;;11/05/2026;00:01:55;38;4132515460;1778457715.24171
7476;;11/05/2026;09:26:26;39;3433199403;1778491586.24202
7476;;11/05/2026;09:49:15;52;3433199403;1778492955.24228
7478;;11/05/2026;11:15:57;48;1432278099;1778498157.24438
7478;;11/05/2026;11:43:31;74;1635101711;1778499811.24549
7478;;11/05/2026;11:45:04;62;1631900610;1778499904.24554
7476;;11/05/2026;11:54:13;77;16997545734;1778500453.24616
7476;;11/05/2026;12:21:04;63;1732034091;1778502064.24749
7476;;11/05/2026;12:23:22;37;1432278099;1778502202.24764
7478;;11/05/2026;12:29:33;32;1432278099;1778502573.24796
7478;;11/05/2026;12:50:07;49;1432278099;1778503807.24885
7476;;11/05/2026;12:59:57;67;3433199403;1778504397.24911
7478;;11/05/2026;13:05:07;39;1635101711;1778504706.24944
7476;;11/05/2026;13:07:14;36;1432278099;1778504834.24951
7478;;11/05/2026;13:09:45;40;1432278099;1778504985.24958
7476;;11/05/2026;13:22:34;28;16997545734;1778505754.25004
7476;;11/05/2026;13:26:57;45;1432278099;1778506017.25024
7476;;11/05/2026;13:27:54;7;1732034091;1778506074.25032
7476;;11/05/2026;13:30:01;40;1432278099;1778506201.25039
7476;;11/05/2026;13:33:12;56;3433199403;1778506392.25051
7476;;11/05/2026;13:34:50;56;1432278099;1778506490.25058
7478;;11/05/2026;13:36:56;57;1432278099;1778506616.25071
7476;;11/05/2026;13:42:04;40;1732034091;1778506924.25080
7476;;11/05/2026;13:45:43;78;3433199403;1778507143.25098
7476;;11/05/2026;13:48:18;36;16997545734;1778507298.25107
7476;;11/05/2026;13:49:50;28;1432278099;1778507390.25110
7478;;11/05/2026;14:02:10;84;1432278099;1778508130.25140
7476;;11/05/2026;14:11:19;13;1732034091;1778508679.25175
7478;;11/05/2026;14:25:21;80;1432278099;1778509521.25210
7476;;11/05/2026;14:41:44;39;3433199403;1778510504.25298
7476;;11/05/2026;14:43:00;23;1732034091;1778510580.25307
7476;;11/05/2026;14:53:17;52;1732034091;1778511197.25329
7478;;11/05/2026;15:14:58;46;1432278099;1778512498.25380
7478;;11/05/2026;15:25:00;30;1432278099;1778513100.25405
7478;;11/05/2026;15:41:38;45;1432278099;1778514098.25446
7478;;11/05/2026;15:56:24;27;1432278099;1778514984.25501
7476;;11/05/2026;16:18:37;69;1432278099;1778516317.25542
7478;;11/05/2026;16:27:26;57;1432278099;1778516846.25566
7476;;11/05/2026;16:56:21;53;16997545734;1778518581.25657
7478;;11/05/2026;16:56:44;22;1635101711;1778518604.25659
7476;;11/05/2026;17:02:53;38;1635101711;1778518973.25680
7476;;11/05/2026;17:15:31;23;1633389039;1778519731.25734
7476;;11/05/2026;17:18:12;64;1732034091;1778519892.25740
7476;;11/05/2026;17:20:04;26;3433199403;1778520004.25748
7476;;11/05/2026;17:22:48;52;1432278099;1778520168.25765
7478;;11/05/2026;17:35:32;137;1432278099;1778520932.25833
7476;;11/05/2026;17:44:37;15;1732034091;1778521477.25913
7476;;11/05/2026;17:45:13;89;1432278099;1778521513.25917
7476;;11/05/2026;17:51:07;8;1432278099;1778521867.25944
7478;;11/05/2026;17:51:19;24;1635101711;1778521879.25946
7476;;11/05/2026;17:59:40;38;1633389039;1778522380.25991
7476;;11/05/2026;18:07:39;14;3433311218;1778522859.26045
7476;;11/05/2026;18:11:11;45;16997545734;1778523071.26063
7476;;11/05/2026;18:13:28;14;1732034091;1778523208.26077
7478;;11/05/2026;18:17:48;32;1432278099;1778523468.26097
7476;;11/05/2026;18:22:27;38;1633389039;1778523747.26142
7476;;11/05/2026;18:29:06;20;1633389039;1778524146.26173
7476;;11/05/2026;18:30:30;34;1432278099;1778524230.26180
7476;;11/05/2026;18:32:30;91;3433199403;1778524350.26194
7476;;11/05/2026;18:34:37;53;1732034091;1778524477.26201
7476;;11/05/2026;18:38:16;11;3433199403;1778524696.26213
7476;;11/05/2026;19:10:42;26;16997545734;1778526642.26285
7476;;11/05/2026;19:11:50;41;1432278099;1778526710.26288
7476;;11/05/2026;19:15:05;23;16997545734;1778526905.26295
7476;;11/05/2026;19:21:48;62;3433199403;1778527308.26328
7476;;11/05/2026;19:34:27;81;1732034091;1778528067.26362
7476;;11/05/2026;19:47:27;16;1432278099;1778528847.26400
7476;;11/05/2026;19:51:04;63;3433199403;1778529064.26409
7478;;11/05/2026;19:52:15;60;1432278099;1778529135.26411
7478;;11/05/2026;20:49:54;50;1432278099;1778532594.26516
7476;;11/05/2026;21:01:03;11;1732034091;1778533263.26530
7476;;11/05/2026;21:01:27;9;1432278099;1778533287.26533
7478;;11/05/2026;21:01:44;16;1432278099;1778533304.26535
7476;;11/05/2026;21:08:46;100;1732034091;1778533726.26546
7476;;11/05/2026;21:24:41;5;1732034091;1778534681.26552
7478;;11/05/2026;21:26:40;88;3433199403;1778534800.26557
7476;;11/05/2026;22:41:54;18;3433199403;1778539314.26615
7476;;11/05/2026;22:47:56;66;1432278099;1778539676.26629
7476;;11/05/2026;22:52:20;42;1432278099;1778539940.26638
7478;;11/05/2026;23:02:31;17;1432278099;1778540551.26646
7476;;11/05/2026;23:03:33;18;1732034091;1778540613.26649
7476;;12/05/2026;09:11:27;58;3433199403;1778577087.26715
7476;;12/05/2026;09:31:56;59;3433199403;1778578316.26728
7476;;12/05/2026;09:46:27;37;16997545734;1778579187.26747
7476;;12/05/2026;09:51:18;21;1732034091;1778579478.26753
7823;CAIS 1;12/05/2026;09:52:48;0;997210505;1778579568.26759
7478;;12/05/2026;09:58:55;38;1432278099;1778579935.26762
7476;;12/05/2026;10:11:36;62;3433199403;1778580696.26782
7476;;12/05/2026;10:17:39;56;3433199403;1778581059.26792
7476;;12/05/2026;10:20:23;26;3433199403;1778581223.26805
7473;;12/05/2026;10:21:49;89;4132515322;1778581309.26812
7476;;12/05/2026;10:26:40;50;1732034091;1778581600.26836
7476;;12/05/2026;10:35:25;78;1432278099;1778582125.26882
7476;;12/05/2026;10:42:45;26;3433199403;1778582565.26907
7473;;12/05/2026;10:44:19;21;4132515322;1778582659.26912
7476;;12/05/2026;10:45:18;76;1432278099;1778582718.26930
7476;;12/05/2026;10:51:20;15;1732034091;1778583080.26954
7478;;12/05/2026;10:53:58;37;1631900610;1778583238.26972
7476;;12/05/2026;10:57:21;122;1732034091;1778583441.26989
7478;;12/05/2026;11:00:11;68;1432278099;1778583611.27005
7298;SECRETARIA ALTERAÇÕES;12/05/2026;17:31:33;0;62999116149;1778607093.462
7476;;12/05/2026;18:02:04;26;1630300037;1778608924.1069
7476;;12/05/2026;18:16:15;26;1633389039;1778609775.101
7478;;12/05/2026;18:26:03;73;1635101711;1778610363.257
7476;;12/05/2026;18:34:27;25;1732034091;1778610867.382
7478;;12/05/2026;18:45:35;25;1633389039;1778611535.547
7476;;12/05/2026;18:47:48;47;3433199403;1778611668.591
7478;;12/05/2026;18:57:38;61;1432278099;1778612258.683
7476;;12/05/2026;19:00:55;90;1633389039;1778612455.715
7478;;12/05/2026;19:06:34;21;1432278099;1778612794.769
7478;;12/05/2026;19:37:10;15;1633389039;1778614630.970
7478;;12/05/2026;19:54:57;168;1432278099;1778615697.1033
7476;;12/05/2026;21:25:43;32;3433199403;1778621143.1305
7476;;12/05/2026;21:46:05;32;1732034091;1778622365.1333
7478;;12/05/2026;21:52:21;13;1432278099;1778622741.1350
7476;;12/05/2026;22:24:53;16;1732034091;1778624693.1379
7476;;12/05/2026;22:34:15;65;1732034091;1778625255.1388
7476;;12/05/2026;22:43:02;31;1732034091;1778625782.1401
7476;;12/05/2026;22:44:18;19;1732034091;1778625858.1405
7476;;12/05/2026;22:47:44;50;3433199403;1778626064.1414
7476;;12/05/2026;22:50:55;49;1432278099;1778626255.1422
7476;;12/05/2026;23:13:31;61;1432278099;1778627611.1461
7478;;12/05/2026;23:15:12;39;1432278099;1778627712.1464
7476;;12/05/2026;23:37:06;30;1732034091;1778629026.1470
7478;;13/05/2026;09:19:19;20;1432278099;1778663959.1547
7476;;13/05/2026;10:41:05;36;1633389039;1778668865.1705
7476;;13/05/2026;10:42:09;37;1432278099;1778668929.1712
7476;;13/05/2026;10:48:20;44;3433199403;1778669300.1740
7476;;13/05/2026;10:50:01;16;1732034091;1778669401.1748
7473;;13/05/2026;10:53:01;143;49991999161;1778669581.1765
7476;;13/05/2026;10:54:40;30;1633389039;1778669680.1775
7473;;13/05/2026;11:00:32;40;4132515460;1778670032.1818
7478;;13/05/2026;11:10:58;13;1432278099;1778670658.1904
7476;;13/05/2026;11:11:18;32;1732034091;1778670678.1908
7473;;13/05/2026;11:11:30;137;4132515460;1778670690.1912
7476;;13/05/2026;11:12:05;49;3433199403;1778670725.1918
7473;;13/05/2026;11:14:19;63;4132515460;1778670859.1933
7478;;13/05/2026;11:18:22;3;1635101711;1778671102.1960
7478;;13/05/2026;11:20:19;3;1635101711;1778671219.1979
7786;SMD CH PRONT AT;13/05/2026;11:26:55;44;35637765;1778671615.2067
7476;;13/05/2026;11:27:12;19;1432278099;1778671632.2078
7478;;13/05/2026;11:30:21;28;1432278099;1778671821.2140
7476;;13/05/2026;11:40:14;40;1732034091;1778672414.2372
7476;;13/05/2026;11:42:04;57;3433199403;1778672524.2410
7478;;13/05/2026;11:49:24;138;1432278099;1778672964.2537
7149;SAC RECE FISI;13/05/2026;11:55:22;6;984244656;1778673322.2651
7149;SAC RECE FISI;13/05/2026;11:56:19;2;992953536;1778673379.2669
7476;;13/05/2026;11:57:37;178;1432278099;1778673457.2698
7476;;13/05/2026;12:06:22;24;16997545734;1778673982.2889
7476;;13/05/2026;12:13:08;52;1732034091;1778674388.3052
7478;;13/05/2026;12:21:12;79;1635101711;1778674872.3248
7476;;13/05/2026;12:46:42;111;3433199403;1778676402.3700
7478;;13/05/2026;12:51:25;44;1432278099;1778676685.3791
7479;;13/05/2026;13:10:15;82;3433199403;1778677815.4192
7476;;13/05/2026;13:19:30;21;3433199403;1778678370.4410
7476;;13/05/2026;13:24:11;54;1432278099;1778678651.4476
7476;;13/05/2026;13:34:12;44;3433199403;1778679252.4659
7367;SMD AUX. S;13/05/2026;13:40:22;76;1636238281;1778679622.4772
7476;;13/05/2026;13:41:29;54;1732034091;1778679689.4800
7367;SMD AUX. S;13/05/2026;13:42:09;269;1635152600;1778679729.4813
7476;;13/05/2026;13:42:46;52;1732034091;1778679766.4818
7364;SIS INSP S;13/05/2026;13:45:34;92;1122247144;1778679934.4874
7476;;13/05/2026;13:48:44;17;1732034091;1778680124.4932
7476;;13/05/2026;13:49:14;16;3433199403;1778680154.4951
7478;;13/05/2026;13:54:12;47;1635101711;1778680452.5071
7476;;13/05/2026;14:01:02;35;1732034091;1778680862.5228
7478;;13/05/2026;14:03:06;66;1432278099;1778680986.5302
7023;CAP AUX.;13/05/2026;14:06:35;119;988702407;1778681195.5348
7476;;13/05/2026;14:07:37;47;1432278099;1778681257.5359
6803;SIS CH 2;13/05/2026;14:14:57;20;16982117674;1778681697.5476
7476;;13/05/2026;14:16:35;12;1732034091;1778681795.5510
7476;;13/05/2026;14:30:38;9;1732034091;1778682638.5695
7476;;13/05/2026;14:31:03;10;1432278099;1778682663.5702
7361;SAD CH GSAU;13/05/2026;14:37:31;245;6120232138;1778683051.5792
7476;;13/05/2026;14:38:15;32;3433199403;1778683095.5803
7476;;13/05/2026;14:41:32;65;1432278099;1778683292.5839
7476;;13/05/2026;14:44:05;13;1432278099;1778683445.5874
7361;SAD CH GSAU;13/05/2026;14:45:04;573;6120232138;1778683504.5884
7476;;13/05/2026;14:46:18;83;3433199403;1778683578.5900
7476;;13/05/2026;14:52:01;67;1432278099;1778683921.5954
7917;SAVP CIV;13/05/2026;14:59:13;9;981274614;1778684353.6007
7917;SAVP CIV;13/05/2026;14:59:54;9;35823320;1778684393.6011
7917;SAVP CIV;13/05/2026;15:00:35;55;1935823320;1778684435.6019
7473;;13/05/2026;15:13:34;47;4132515460;1778685214.6054
7473;;13/05/2026;15:22:43;35;4132515460;1778685763.6085
7476;;13/05/2026;16:08:11;33;3433199403;1778688491.6362
7991;ASTIC CH;13/05/2026;16:42:15;53;6133423781;1778690535.6899
7991;ASTIC CH;13/05/2026;16:53:44;12;21964219840;1778691224.7098
7991;ASTIC CH;13/05/2026;16:54:28;6;21997237950;1778691268.7107
7476;;13/05/2026;17:10:41;61;3433199403;1778692241.7371
7478;;13/05/2026;17:12:41;102;1432278099;1778692361.7411
7476;;13/05/2026;17:13:06;7;1631900610;1778692386.7425
7476;;13/05/2026;17:19:46;10;19997545734;1778692786.7586
7476;;13/05/2026;17:20:46;33;16997545734;1778692846.7609
7476;;13/05/2026;17:23:21;73;1432278099;1778693001.7652
7478;;13/05/2026;17:25:01;78;1432278099;1778693101.7684
7476;;13/05/2026;17:31:08;33;3433199403;1778693468.7801
7476;;13/05/2026;17:32:36;36;1633389039;1778693556.7822
7476;;13/05/2026;17:34:12;15;1732034091;1778693652.7842
7478;;13/05/2026;17:42:04;199;1635101711;1778694124.8004
7991;ASTIC CH;13/05/2026;17:43:56;105;6133423781;1778694236.8044
7478;;13/05/2026;17:46:30;80;1635101711;1778694390.8115
7991;ASTIC CH;13/05/2026;17:46:40;92;6133423781;1778694400.8120
7298;SECRETARIA ALTERAÇÕES;13/05/2026;17:53:39;83;62999116149;1778694819.8229
7478;;13/05/2026;17:55:29;29;1432278099;1778694929.8254
7476;;13/05/2026;18:16:56;15;1732034091;1778696216.8590
7478;;13/05/2026;18:20:19;17;1432278099;1778696419.8645
7478;;13/05/2026;18:22:09;3;1631900610;1778696529.8701
7478;;13/05/2026;18:23:00;31;1631900610;1778696580.8709
7476;;13/05/2026;18:28:12;18;1633389039;1778696892.8780
7478;;13/05/2026;18:34:22;17;1432278099;1778697262.8879
6731;SCS CHEFE COMINST;13/05/2026;18:35:35;9;36579800;1778697335.8901
6731;SCS CHEFE COMINST;13/05/2026;18:36:01;9;36579800;1778697361.8915
7476;;13/05/2026;18:40:09;161;3433199403;1778697609.8986
7478;;13/05/2026;18:59:52;30;1432278099;1778698792.9188
7476;;13/05/2026;19:02:56;43;1732034091;1778698976.9215
7476;;13/05/2026;19:06:14;34;3433199403;1778699174.9255
7476;;13/05/2026;19:45:33;60;1633389039;1778701533.9482
7476;;13/05/2026;19:55:15;9;3433199403;1778702115.9520
7478;;13/05/2026;20:45:07;20;1432278099;1778705107.41
7476;;13/05/2026;21:00:24;74;1732034091;1778706024.63
7476;;13/05/2026;21:14:46;47;1732034091;1778706886.87
7476;;13/05/2026;21:22:04;9;1732034091;1778707324.100
7476;;13/05/2026;21:53:00;24;3433199403;1778709180.137
7476;;13/05/2026;21:55:03;41;3433199403;1778709303.142
7476;;13/05/2026;22:42:13;14;1732034091;1778712133.220
7478;;14/05/2026;01:00:56;12;1732034091;1778720456.266
7478;;14/05/2026;01:07:07;37;1732034091;1778720827.269
7476;;14/05/2026;08:43:41;42;1732034091;1778748221.3
7476;;14/05/2026;09:12:28;66;1732034091;1778749948.17
7476;;14/05/2026;10:18:41;10;1633389039;1778753921.156
7881;SESO CHEFE;14/05/2026;11:19:05;668;1436021200;1778757545.479
7476;;14/05/2026;11:30:20;57;1732034091;1778758220.626
7476;;14/05/2026;11:31:52;49;1633389039;1778758312.636
7478;;14/05/2026;11:38:56;17;1633389039;1778758736.723
7476;;14/05/2026;11:42:04;48;1630300037;1778758924.777
7476;;14/05/2026;11:45:13;29;1633389039;1778759113.859
7367;SMD AUX. S;14/05/2026;11:56:19;10;35613331;1778759779.1072
7478;;14/05/2026;11:56:59;42;1432278099;1778759819.1083
7478;;14/05/2026;12:02:24;13;1432278099;1778760144.1170
7476;;14/05/2026;12:05:04;16;1732034091;1778760304.1197
7478;;14/05/2026;12:07:01;21;1432278099;1778760421.1219
7476;;14/05/2026;12:08:06;66;3433199403;1778760486.1234
7476;;14/05/2026;12:10:02;9;1732034091;1778760602.1271
7478;;14/05/2026;12:18:26;38;1432278099;1778761106.1369
7476;;14/05/2026;12:20:49;91;1432278099;1778761249.1404
7476;;14/05/2026;12:33:18;38;1631900610;1778761998.1643
7476;;14/05/2026;12:36:43;20;1732034091;1778762203.1710
7476;;14/05/2026;12:41:15;57;1732034091;1778762475.1790
7476;;14/05/2026;12:50:26;42;3433199403;1778763025.1912
7476;;14/05/2026;12:56:53;73;1732034091;1778763413.1997
7991;ASTIC CH;14/05/2026;13:03:55;112;2122174350;1778763835.2098
7476;;14/05/2026;13:09:02;30;1432278099;1778764142.2191
7478;;14/05/2026;13:21:52;203;1432278099;1778764912.2419
7476;;14/05/2026;13:28:19;19;1633389039;1778765299.2543
7476;;14/05/2026;13:34:28;42;1633389039;1778765668.2635
7478;;14/05/2026;13:35:39;36;1633389039;1778765739.2659
7476;;14/05/2026;13:39:30;0;1633389039;1778765970.2758
7476;;14/05/2026;13:44:22;43;1633389039;1778766262.2854
7476;;14/05/2026;13:52:56;27;3433199403;1778766776.3060
7478;;14/05/2026;13:59:46;40;1633389039;1778767186.3182
7478;;14/05/2026;14:01:09;54;3433199403;1778767269.3227
7476;;14/05/2026;14:02:29;18;1732034091;1778767349.3255
7476;;14/05/2026;14:12:33;70;1732034091;1778767953.3357
7476;;14/05/2026;14:14:54;24;1732034091;1778768094.3389
7478;;14/05/2026;14:16:31;10;1432278099;1778768191.3426
7476;;14/05/2026;14:22:12;65;1633389039;1778768532.3487
7476;;14/05/2026;14:41:52;62;1432278099;1778769712.3650
7476;;14/05/2026;14:45:33;35;1432278099;1778769933.3682
7478;;14/05/2026;14:48:53;40;1432278099;1778770133.3699
7476;;14/05/2026;14:54:50;35;1633389039;1778770490.3753
7478;;14/05/2026;14:58:19;62;1432278099;1778770699.3779
7476;;14/05/2026;15:12:38;16;3433199403;1778771558.3832
7476;;14/05/2026;15:25:53;37;1732034091;1778772353.3873
7478;;14/05/2026;15:29:53;55;1432278099;1778772593.3922
7476;;14/05/2026;15:40:18;14;1732034091;1778773218.4002
7478;;14/05/2026;16:10:49;47;1432278099;1778775049.4154
7476;;14/05/2026;16:51:39;68;3433199403;1778777499.4751
7917;SAVP CIV;14/05/2026;17:51:11;9;998013537;1778781071.259
7917;SAVP CIV;14/05/2026;17:52:32;11;998013537;1778781152.292
7476;;14/05/2026;17:59:41;42;3433199403;1778781581.415
7917;SAVP CIV;14/05/2026;18:02:23;309;998013537;1778781743.459
7478;;14/05/2026;18:08:57;24;1432278099;1778782137.558
7476;;14/05/2026;18:09:34;52;3433199403;1778782174.571
7476;;14/05/2026;18:12:17;58;3433199403;1778782337.621
7476;;14/05/2026;18:13:32;12;1732034091;1778782412.650
7476;;14/05/2026;18:19:52;96;1630300037;1778782792.766
7476;;14/05/2026;18:43:54;74;3433199403;1778784234.1146
7881;SESO CHEFE;14/05/2026;18:49:36;25;997532070;1778784576.1205
7476;;14/05/2026;19:05:44;48;3433199403;1778785544.1383
7478;;14/05/2026;19:17:53;14;1432278099;1778786273.1491
7476;;14/05/2026;19:28:06;19;3433199403;1778786886.1533
7478;;14/05/2026;19:45:34;60;1633389039;1778787934.1604
7478;;14/05/2026;20:02:16;1;1432278099;1778788936.1652
7478;;14/05/2026;20:02:58;47;1432278099;1778788978.1657
7478;;14/05/2026;20:25:27;9;1432278099;1778790327.1735
7476;;14/05/2026;20:53:17;68;1732034091;1778791997.1778
7476;;14/05/2026;21:09:01;30;1732034091;1778792941.1818
7476;;14/05/2026;21:27:00;38;1732034091;1778794020.1852
7476;;14/05/2026;21:30:03;10;3433199403;1778794203.1855
7476;;14/05/2026;21:35:10;88;1732034091;1778794510.1865
7478;;14/05/2026;22:02:06;45;1432278099;1778796126.1894
7476;;14/05/2026;22:54:01;14;1633389039;1778799241.1928
7476;;14/05/2026;23:21:46;15;1732034091;1778800906.1955
7149;SAC RECE FISI;15/05/2026;10:05:04;33;981228839;1778839504.2127
7476;;15/05/2026;10:40:52;103;3433199403;1778841652.2231
7476;;15/05/2026;11:00:44;4;19982811727;1778842844.2271
7476;;15/05/2026;11:01:21;3;19984395891;1778842881.2278
7478;;15/05/2026;11:11:19;0;19984395891;1778843479.2340
7476;;15/05/2026;11:35:10;40;3433199403;1778844910.2658
7991;ASTIC CH;15/05/2026;11:36:20;14;1131267500;1778844980.2713
7476;;15/05/2026;11:39:57;18;1732034091;1778845197.2773
7991;ASTIC CH;15/05/2026;11:43:14;658;2131704898;1778845394.2812
7149;SAC RECE FISI;15/05/2026;11:55:59;9;996748182;1778846159.3025
7149;SAC RECE FISI;15/05/2026;11:56:44;6;996748182;1778846204.3039
7476;;15/05/2026;12:02:52;15;1633389039;1778846572.3149
7881;SESO CHEFE;15/05/2026;12:08:37;8;11971518417;1778846917.3240
7881;SESO CHEFE;15/05/2026;12:13:10;204;11971518417;1778847190.3326
7881;SESO CHEFE;15/05/2026;12:17:19;81;11999145217;1778847439.3388
7476;;15/05/2026;12:17:57;22;1732034091;1778847477.3414
7476;;15/05/2026;12:28:27;42;1732034091;1778848107.3638
7823;CAIS 1;15/05/2026;12:32:22;959;981401249;1778848342.3692
6783;;15/05/2026;12:33:14;120;84998731199;1778848394.3707
7881;SESO CHEFE;15/05/2026;12:45:44;4;21980882099;1778849144.3969
7881;SESO CHEFE;15/05/2026;12:46:24;2;21980882099;1778849184.3979
7881;SESO CHEFE;15/05/2026;12:51:26;165;21996083325;1778849486.4095
7881;SESO CHEFE;15/05/2026;12:57:39;330;21968052139;1778849859.4247
7823;CAIS 1;15/05/2026;13:22:13;581;993307777;1778851333.4835
7120;EM_STS CMT;15/05/2026;13:42:30;90;6120232155;1778852550.5190
7479;;15/05/2026;13:47:00;8;19982811727;1778852820.5310
7479;;15/05/2026;13:47:34;4;19982811727;1778852854.5318
7478;;15/05/2026;14:18:08;53;1432278099;1778854688.5832
7120;EM_STS CMT;15/05/2026;14:29:12;102;6120232160;1778855352.6037
7478;;15/05/2026;14:46:38;23;1635101711;1778856398.6261
7468;;15/05/2026;15:24:35;154;32999087919;1778858675.0
7476;;15/05/2026;15:26:32;21;1732034091;1778858792.12
7468;;15/05/2026;15:44:09;9;92993625519;1778859849.114
7468;;15/05/2026;15:44:48;26;92993625519;1778859888.117
7149;SAC RECE FISI;15/05/2026;15:45:39;13;996622651;1778859939.120
7476;;15/05/2026;16:30:38;13;1432278099;1778862638.352
7476;;15/05/2026;16:35:22;40;3433199403;1778862922.373
7476;;15/05/2026;17:05:21;54;3433199403;1778864721.481
7476;;15/05/2026;17:28:33;15;1732034091;1778866113.558
7478;;15/05/2026;17:51:26;100;1635101711;1778867486.713
7478;;15/05/2026;17:53:30;19;1432278099;1778867610.726
7476;;15/05/2026;18:02:21;32;1732034091;1778868141.771
7476;;15/05/2026;18:09:08;25;1732034091;1778868548.830
7476;;15/05/2026;18:21:03;23;1732034091;1778869263.875
7476;;15/05/2026;18:47:52;19;1732034091;1778870872.1052
7478;;15/05/2026;19:04:23;104;1432278099;1778871863.1101
7478;;15/05/2026;19:10:51;16;16997545734;1778872251.1156
7478;;15/05/2026;19:20:16;12;1432278099;1778872816.1182
7476;;15/05/2026;20:59:50;15;3433199403;1778878790.1468
7476;;15/05/2026;21:01:17;20;1732034091;1778878877.1475
7478;;15/05/2026;21:08:57;48;1432278099;1778879337.1483
7476;;15/05/2026;21:36:59;41;3433199403;1778881019.1489
7478;;15/05/2026;21:44:32;40;1732034091;1778881472.1499
7476;;15/05/2026;21:48:58;53;1732034091;1778881738.1510
7476;;15/05/2026;22:16:34;11;1432278099;1778883394.1548
7476;;15/05/2026;22:19:08;9;1732034091;1778883548.1555
7476;;15/05/2026;22:29:55;9;3433199403;1778884195.1577
7476;;15/05/2026;22:30:22;39;1432278099;1778884222.1580
7476;;15/05/2026;22:34:30;73;3433199403;1778884470.1589
7476;;15/05/2026;22:51:56;49;1732034091;1778885516.1634
7476;;15/05/2026;23:03:03;80;3433199403;1778886183.1646
7476;;15/05/2026;23:04:48;19;1732034091;1778886288.1651
7476;;15/05/2026;23:20:37;13;1732034091;1778887237.1656
7476;;15/05/2026;23:43:53;14;1633389039;1778888633.1663
7478;;16/05/2026;00:07:13;41;1432278099;1778890033.1702
7473;;16/05/2026;00:59:58;4;41991273777;1778893198.1733
7478;;16/05/2026;01:05:20;15;1732034091;1778893520.1736
7478;;16/05/2026;09:11:24;60;1432278099;1778922684.1769
7478;;16/05/2026;09:26:42;22;1732034091;1778923602.1775
7476;;16/05/2026;10:14:43;44;1732034091;1778926483.1844
7476;;16/05/2026;10:35:14;13;1732034091;1778927714.1902
7478;;16/05/2026;10:42:54;42;1432278099;1778928174.1921
7478;;16/05/2026;11:02:31;46;1432278099;1778929351.1977
7476;;16/05/2026;11:35:20;18;1732034091;1778931320.2012
7476;;16/05/2026;11:54:42;75;3433199403;1778932482.2046
7476;;16/05/2026;11:57:40;43;3433199403;1778932660.2053
7476;;16/05/2026;12:10:33;62;3433199403;1778933433.2095
7478;;16/05/2026;12:17:14;37;1432278099;1778933834.2127
7476;;16/05/2026;12:33:16;57;1432278099;1778934796.2192
7476;;16/05/2026;12:36:24;38;1432278099;1778934984.2197
7476;;16/05/2026;12:49:03;16;1732034091;1778935743.2228
7476;;16/05/2026;12:50:32;14;1432278099;1778935832.2239
7476;;16/05/2026;13:46:36;37;3433199403;1778939196.2426
7476;;16/05/2026;14:02:04;51;1432278099;1778940124.2473
7476;;16/05/2026;14:19:30;28;1633389039;1778941170.2531
7476;;16/05/2026;14:32:55;25;1633389039;1778941975.2549
7476;;16/05/2026;14:34:32;81;3433199403;1778942072.2555
7478;;16/05/2026;14:42:10;63;1432278099;1778942530.2563
7476;;16/05/2026;14:50:08;56;1633389039;1778943008.2569
7476;;16/05/2026;14:51:52;51;1732034091;1778943112.2572
7478;;16/05/2026;15:13:04;26;1635101711;1778944384.2603
7478;;16/05/2026;15:26:29;68;1432278099;1778945189.2617
7476;;16/05/2026;15:32:36;13;1732034091;1778945556.2629
7476;;16/05/2026;15:39:49;28;3433199403;1778945989.2641
7476;;16/05/2026;15:54:40;35;3433199403;1778946880.2666
7476;;16/05/2026;15:57:25;25;1732034091;1778947045.2671
7476;;16/05/2026;16:20:55;54;3433199403;1778948455.2740
7476;;16/05/2026;17:25:16;42;1732034091;1778952316.2851
7476;;16/05/2026;17:32:08;19;1732034091;1778952728.2864
7476;;16/05/2026;18:22:05;73;1630300037;1778955725.2910
7476;;16/05/2026;18:30:42;14;3433199403;1778956242.2925
7478;;16/05/2026;18:35:23;73;1432278099;1778956523.2936
7476;;16/05/2026;18:52:30;52;1635101711;1778957550.2955
7476;;16/05/2026;18:58:27;29;1432278099;1778957907.2961
7478;;16/05/2026;19:07:51;27;1432278099;1778958471.2972
7476;;16/05/2026;19:21:21;29;3433199403;1778959281.2992
7476;;16/05/2026;22:21:43;26;1732034091;1778970103.3050
7476;;16/05/2026;22:48:56;52;1432278099;1778971736.3061
7476;;16/05/2026;22:51:37;24;1732034091;1778971897.3067
7476;;16/05/2026;23:01:47;11;1732034091;1778972507.3072
7476;;16/05/2026;23:04:41;27;3433199403;1778972681.3076
7478;;17/05/2026;09:04:49;29;1432278099;1779008689.3151
7478;;17/05/2026;09:22:35;21;1631900610;1779009755.3177
7476;;17/05/2026;10:25:41;47;1732034091;1779013541.3248
7476;;17/05/2026;10:42:44;13;1432278099;1779014564.3287
7476;;17/05/2026;10:48:13;91;3433199403;1779014893.3296
7476;;17/05/2026;10:54:22;15;1732034091;1779015262.3302
7478;;17/05/2026;11:12:42;132;1635101711;1779016362.3317
7476;;17/05/2026;11:42:53;27;1732034091;1779018173.3376
7478;;17/05/2026;11:57:14;46;1432278099;1779019034.3398
7476;;17/05/2026;12:01:15;47;3433199403;1779019275.3403
7476;;17/05/2026;12:02:31;123;3433199403;1779019351.3406
7478;;17/05/2026;12:02:38;27;1432278099;1779019358.3408
7478;;17/05/2026;12:21:54;30;1432278099;1779020514.3431
7476;;17/05/2026;12:34:06;34;3433199403;1779021246.3446
7478;;17/05/2026;12:39:43;39;1432278099;1779021583.3460
7476;;17/05/2026;13:14:30;62;3433199403;1779023670.3505
7476;;17/05/2026;14:08:54;58;1432278099;1779026934.3570
7476;;17/05/2026;14:53:07;17;1631900610;1779029587.3607
7473;;17/05/2026;15:19:53;151;35999790913;1779031193.3618
7476;;17/05/2026;15:34:26;48;3433199403;1779032066.3631
7478;;17/05/2026;17:09:56;37;3433199403;1779037796.3729
7478;;17/05/2026;17:36:50;29;1432278099;1779039410.3767
7476;;17/05/2026;17:37:18;96;3433199403;1779039438.3771
7478;;17/05/2026;17:53:32;25;1432278099;1779040412.3782
7478;;17/05/2026;18:06:14;34;1432278099;1779041174.3788
7478;;17/05/2026;18:11:50;20;1635101711;1779041510.3794
7478;;17/05/2026;18:13:31;55;1635101711;1779041611.3799
7476;;17/05/2026;18:24:00;269;1732034091;1779042240.3836
7476;;17/05/2026;18:34:01;144;1432278099;1779042841.3848
7476;;17/05/2026;18:38:49;46;3433199403;1779043129.3854
7476;;17/05/2026;18:48:06;39;1432278099;1779043686.3860
7476;;17/05/2026;19:54:23;39;3433199403;1779047663.4032
7476;;17/05/2026;19:57:29;36;3433199403;1779047849.4061
7476;;17/05/2026;20:03:48;75;1732034091;1779048228.4067
7478;;17/05/2026;20:29:44;47;1432278099;1779049784.4070
7476;;17/05/2026;21:47:31;52;3433199403;1779054451.4096
7478;;17/05/2026;23:17:08;57;1432278099;1779059828.4132
7478;;17/05/2026;23:28:52;53;1432278099;1779060532.4138
7473;;18/05/2026;08:44:21;148;61983662034;1779093861.96
7478;;18/05/2026;08:48:16;15;1732034091;1779094096.106
7476;;18/05/2026;09:07:45;41;3433199403;1779095265.118
7478;;18/05/2026;09:29:45;11;1432278099;1779096585.157
7476;;18/05/2026;10:09:49;125;3433199403;1779098989.240
7476;;18/05/2026;10:39:05;71;1732034091;1779100745.278
7476;;18/05/2026;10:46:20;12;1732034091;1779101180.299
7476;;18/05/2026;11:22:11;43;3433199403;1779103331.481
7476;;18/05/2026;11:23:58;36;1732034091;1779103438.505
7476;;18/05/2026;11:33:11;85;3433199403;1779103991.628
7478;;18/05/2026;11:44:27;49;1432278099;1779104667.839
7479;;18/05/2026;12:21:39;8;1432278099;1779106899.1
7476;;18/05/2026;12:31:45;41;1732034091;1779107505.251
7476;;18/05/2026;12:33:38;36;1432278099;1779107618.296
7476;;18/05/2026;12:50:38;40;3433199403;1779108638.639
7389;SAU PAYS;18/05/2026;12:50:52;6;989136605;1779108652.643
7389;SAU PAYS;18/05/2026;12:54:58;14;989136605;1779108898.749
7478;;18/05/2026;13:11:34;56;1432278099;1779109894.1034
7367;SMD AUX. S;18/05/2026;13:14:52;211;35653040;1779110092.1098
7367;SMD AUX. S;18/05/2026;13:29:22;9;35857370;1779110962.1418
7367;SMD AUX. S;18/05/2026;13:30:22;8;35857370;1779111022.1455
7367;SMD AUX. S;18/05/2026;13:30:47;30;1935857370;1779111047.1476
7823;CAIS 1;18/05/2026;13:58:03;849;984495442;1779112683.1911
7476;;18/05/2026;15:18:07;19;1732034091;1779117487.2777
7476;;18/05/2026;15:34:00;58;1732034091;1779118440.2885
7476;;18/05/2026;15:37:14;9;1432278099;1779118634.2924
7476;;18/05/2026;16:22:18;15;1732034091;1779121338.3363
7825;SSTAE ADJ;18/05/2026;16:26:05;10;19344498944;1779121565.3417
7825;SSTAE ADJ;18/05/2026;16:34:58;8;34524464;1779122098.3582
7478;;18/05/2026;16:49:08;56;1432278099;1779122948.3805
7476;;18/05/2026;16:56:34;15;1633389039;1779123394.3916
7917;SAVP CIV;18/05/2026;17:11:43;48;983902945;1779124303.4215
7476;;18/05/2026;17:13:44;40;1432278099;1779124424.4260
7117;CH ADM PAYS;18/05/2026;17:21:21;322;6233297927;1779124881.4389
7476;;18/05/2026;17:27:37;50;3433199403;1779125257.4528
7476;;18/05/2026;18:35:42;8;1635101711;1779129342.5675
7476;;18/05/2026;18:36:21;15;1631900610;1779129381.5690
7476;;18/05/2026;18:42:30;52;3433199403;1779129750.5801
7476;;18/05/2026;18:56:23;93;1432278099;1779130583.5994
7478;;18/05/2026;18:57:21;38;1732034091;1779130641.6011
7478;;18/05/2026;20:51:07;27;1432278099;1779137467.6462
7478;;18/05/2026;22:18:56;17;1432278099;1779142736.6573
7478;;18/05/2026;22:28:37;9;1432278099;1779143317.6586
7476;;18/05/2026;23:34:58;31;3433199403;1779147298.6614
7476;;18/05/2026;23:37:44;15;3433199403;1779147464.6622
7476;;19/05/2026;01:13:41;20;1732034091;1779153221.6638
7476;;19/05/2026;09:15:07;49;3433199403;1779182107.6671
7476;;19/05/2026;11:34:59;18;1732034091;1779190499.171
7478;;19/05/2026;11:35:33;45;1633389039;1779190533.178
7479;;19/05/2026;11:42:24;20;1432278099;1779190944.242
7335;;19/05/2026;11:54:43;29;16996451880;1779191683.340
7478;;19/05/2026;12:13:49;122;1432278099;1779192829.562
7478;;19/05/2026;12:20:11;15;1432278099;1779193211.692
7476;;19/05/2026;12:29:51;39;3433199403;1779193791.852
7478;;19/05/2026;12:31:41;24;1432278099;1779193901.877
7367;SMD AUX. S;19/05/2026;12:32:44;7;1935438300;1779193964.885
7367;SMD AUX. S;19/05/2026;12:33:12;73;35438300;1779193992.890
7476;;19/05/2026;12:46:15;71;3433199403;1779194775.1102
7476;;19/05/2026;12:52:51;14;1732034091;1779195171.1201
7476;;19/05/2026;12:53:37;263;3433199403;1779195217.1213
7786;SMD CH PRONT AT;19/05/2026;12:54:46;8;35627229;1779195286.1226
7786;SMD CH PRONT AT;19/05/2026;12:56:36;16;35617331;1779195396.1257
7335;;19/05/2026;12:59:53;230;1636363635;1779195593.1320
7479;;19/05/2026;13:03:50;10;1732034091;1779195830.1389
6727;;19/05/2026;13:15:58;7;11940821994;1779196558.1607
6942;Armamento;19/05/2026;13:32:39;353;1122249907;1779197559.1939
7476;;19/05/2026;13:34:54;9;1432278099;1779197694.1995
7478;;19/05/2026;13:43:05;2;1432278099;1779198185.2184
7476;;19/05/2026;13:44:25;82;1432278099;1779198265.2211
7476;;19/05/2026;13:58:10;71;1432278099;1779199090.2503
7476;;19/05/2026;14:06:37;45;1432278099;1779199597.2645
7476;;19/05/2026;14:16:21;15;1432278099;1779200181.2838
7478;;19/05/2026;14:18:05;74;1432278099;1779200285.2876
6727;;19/05/2026;14:29:09;450;35616613;1779200949.3029
7476;;19/05/2026;14:30:27;24;1633389039;1779201027.3053
7367;SMD AUX. S;19/05/2026;14:30:42;503;35438300;1779201042.3060
7476;;19/05/2026;14:33:08;9;1633389039;1779201188.3091
7476;;19/05/2026;14:33:48;66;1732034091;1779201228.3114
7476;;19/05/2026;14:40:09;17;3433199403;1779201609.3179
7476;;19/05/2026;14:55:51;42;3433199403;1779202551.3299
6777;CH PAYS PATR;19/05/2026;16:25:46;161;32991559191;1779207946.3888
7476;;19/05/2026;16:51:11;11;3433199403;1779209471.4292
7476;;19/05/2026;16:52:27;21;1732034091;1779209547.4328
6548;ADJ PESSOAL;19/05/2026;17:10:11;6;98988147415;1779210611.4613
6548;ADJ PESSOAL;19/05/2026;17:10:57;2;98988147415;1779210657.4648
7476;;19/05/2026;17:12:33;22;1633389039;1779210753.4684
7493;CH PESSOAL;19/05/2026;17:16:48;3;98988147415;1779211008.4773
7478;;19/05/2026;17:44:14;19;1635101711;1779212654.5204
7478;;19/05/2026;17:51:30;21;1635101711;1779213090.5326
7881;SESO CHEFE;19/05/2026;17:58:02;8;982999565;1779213482.5440
7476;;19/05/2026;18:30:05;138;3433199403;1779215405.5964
7385;CCAER SCS ENC;19/05/2026;18:36:23;7;2133839200;1779215783.6104
7476;;19/05/2026;18:37:23;150;3433199403;1779215843.6137
7476;;19/05/2026;18:41:48;29;3433199403;1779216108.6230
7476;;19/05/2026;18:57:20;52;3433199403;1779217040.6486
7473;;19/05/2026;19:04:08;9;21981815303;1779217448.6562
7476;;19/05/2026;19:06:35;300;1432278099;1779217595.6576
7476;;19/05/2026;19:22:08;18;3433199403;1779218528.6650
7478;;19/05/2026;19:46:17;9;1432278099;1779219977.6787
7476;;19/05/2026;20:10:38;11;3433199403;1779221438.6966
7149;SAC RECE FISI;19/05/2026;20:16:30;9;998415002;1779221790.6987
7149;SAC RECE FISI;19/05/2026;20:17:12;14;998415002;1779221832.6990
7149;SAC RECE FISI;19/05/2026;20:19:25;11;998415002;1779221965.7015
6783;;19/05/2026;22:33:59;11;996755400;1779230039.23
6783;;19/05/2026;22:35:08;5;996755400;1779230108.26
7478;;19/05/2026;22:48:31;80;1432278099;1779230911.40
7473;;20/05/2026;01:33:06;100;4132515460;1779240786.96
7473;;20/05/2026;01:51:09;234;4132515460;1779241869.99
7476;;20/05/2026;09:46:30;38;3433199403;1779270390.49
7476;;20/05/2026;10:42:44;86;3433199403;1779273764.156
7476;;20/05/2026;10:49:55;25;1732034091;1779274195.170
7478;;20/05/2026;10:52:32;31;1633389039;1779274352.179
7476;;20/05/2026;11:02:54;71;1732034091;1779274974.209
7476;;20/05/2026;11:08:18;127;3433199403;1779275298.276
7476;;20/05/2026;11:56:43;23;1732034091;1779278203.1120
7476;;20/05/2026;12:08:27;62;3433199403;1779278907.1358
6585;SAVP AUX 2;20/05/2026;12:12:20;6;21997571505;1779279140.1411
6585;SAVP AUX 2;20/05/2026;12:13:06;18;21997571505;1779279186.1437
6585;SAVP AUX 2;20/05/2026;12:14:06;15;21997571505;1779279246.1458
7899;SAVP ENC;20/05/2026;12:20:13;132;21997571505;1779279613.1558
7476;;20/05/2026;12:24:28;34;3433199403;1779279868.1638
7476;;20/05/2026;12:25:24;36;1732034091;1779279924.1651
7478;;20/05/2026;12:31:35;72;1432278099;1779280295.1727
7478;;20/05/2026;12:39:01;41;1432278099;1779280741.1887
7476;;20/05/2026;12:43:23;129;3433199403;1779281003.1963
7478;;20/05/2026;12:57:50;16;1732034091;1779281870.2219
7476;;20/05/2026;12:58:30;21;1432278099;1779281910.2235
7478;;20/05/2026;13:20:07;165;1432278099;1779283207.2651
7476;;20/05/2026;13:26:10;39;3433199403;1779283570.2824
7476;;20/05/2026;13:28:23;130;3433199403;1779283703.2886
7478;;20/05/2026;13:38:33;59;1432278099;1779284313.3087
7476;;20/05/2026;13:41:04;60;1732034091;1779284464.3134
7149;SAC RECE FISI;20/05/2026;13:41:43;15;61984401626;1779284503.3145
7476;;20/05/2026;13:43:27;107;3433199403;1779284607.3195
7149;SAC RECE FISI;20/05/2026;13:46:19;11;61984401626;1779284779.3238
7476;;20/05/2026;13:47:19;28;1633389039;1779284839.3258
7478;;20/05/2026;13:57:47;58;1432278099;1779285467.3441
7478;;20/05/2026;13:59:36;31;1432278099;1779285576.3461
7476;;20/05/2026;14:17:12;106;3433199403;1779286632.3742
7478;;20/05/2026;14:19:39;41;1432278099;1779286779.3770
7478;;20/05/2026;14:34:38;24;1432278099;1779287678.4003
7476;;20/05/2026;14:36:29;85;1633389039;1779287789.4028
7335;;20/05/2026;14:49:23;562;983325354;1779288563.4104
7478;;20/05/2026;14:56:27;141;1432278099;1779288987.4192
7476;;20/05/2026;14:56:56;76;1732034091;1779289016.4195
7476;;20/05/2026;15:01:35;180;3433199403;1779289295.4234
7476;;20/05/2026;15:05:56;36;1532131042;1779289556.4252
7476;;20/05/2026;15:08:01;22;1633389039;1779289681.4277
7476;;20/05/2026;15:10:02;24;1732034091;1779289802.4282
7476;;20/05/2026;15:19:51;48;3433199403;1779290391.4328
7476;;20/05/2026;15:29:26;2;11992921193;1779290966.4369
7825;SSTAE ADJ;20/05/2026;16:06:27;89;1130616000;1779293187.4568
7476;;20/05/2026;16:14:11;103;3433199403;1779293651.4719
7228;ENC ALMOX PAYS 2;20/05/2026;16:37:15;730;998470642;1779295035.5282
6548;ADJ PESSOAL;20/05/2026;17:24:24;9;21983062060;1779297864.6106
6548;ADJ PESSOAL;20/05/2026;17:25:07;7;21983062060;1779297907.6116
6548;ADJ PESSOAL;20/05/2026;17:26:26;10;21983062060;1779297986.6152
6548;ADJ PESSOAL;20/05/2026;17:31:26;8;2134007777;1779298286.6256
7476;;20/05/2026;17:31:51;17;1732034091;1779298311.6260
6548;ADJ PESSOAL;20/05/2026;17:32:01;9;21980739812;1779298321.6262
6548;ADJ PESSOAL;20/05/2026;17:33:02;9;21980739812;1779298382.6297
7476;;20/05/2026;17:48:25;61;3433199403;1779299305.6506
7478;;20/05/2026;19:32:57;24;1631900610;1779305577.460
7476;;20/05/2026;19:34:54;22;1633389039;1779305694.474
7478;;20/05/2026;19:54:23;43;1432278099;1779306863.519
7476;;20/05/2026;20:04:24;45;3433199403;1779307464.549
7476;;20/05/2026;20:08:07;47;1633389039;1779307687.558
7476;;20/05/2026;20:12:03;88;1732034091;1779307923.575
7476;;20/05/2026;20:15:11;54;3433199403;1779308111.588
7478;;20/05/2026;20:16:41;77;1432278099;1779308201.593
7476;;20/05/2026;20:21:07;25;3433199403;1779308467.606
7478;;20/05/2026;20:27:18;71;1432278099;1779308838.619
7478;;20/05/2026;20:29:48;66;1432278099;1779308988.626
7478;;20/05/2026;20:34:57;32;1432278099;1779309297.651
7478;;20/05/2026;20:40:15;58;1432278099;1779309615.671
7478;;20/05/2026;20:47:39;29;1432278099;1779310059.708
7476;;20/05/2026;20:55:24;20;1732034091;1779310524.739
7476;;20/05/2026;21:20:52;50;3433199403;1779312052.786
7476;;20/05/2026;21:40:00;61;3433199403;1779313200.815
7476;;20/05/2026;21:52:02;38;1732034091;1779313922.832
7476;;20/05/2026;22:50:46;50;3433199403;1779317446.975
7476;;21/05/2026;00:55:46;18;1732034091;1779324946.1125
7476;;21/05/2026;01:27:35;17;1732034091;1779326855.1135
7478;;21/05/2026;09:12:44;112;1432278099;1779354764.70
7478;;21/05/2026;09:33:10;14;1432278099;1779355990.100
7476;;21/05/2026;10:54:31;97;1631900610;1779360871.195
7476;;21/05/2026;10:56:52;63;1432278099;1779361012.200
7476;;21/05/2026;11:04:05;108;1732034091;1779361445.218
7476;;21/05/2026;11:10:28;15;1732034091;1779361828.254
7478;;21/05/2026;11:11:35;81;1432278099;1779361895.264
7476;;21/05/2026;11:19:55;19;1732034091;1779362395.342
7478;;21/05/2026;11:27:01;53;1432278099;1779362821.424
7476;;21/05/2026;11:33:15;29;1732034091;1779363195.473
7476;;21/05/2026;11:34:57;25;3433199403;1779363297.483
7476;;21/05/2026;11:38:48;82;1432278099;1779363528.530
7478;;21/05/2026;11:43:12;22;1633389039;1779363792.590
6727;;21/05/2026;11:58:58;9;993307777;1779364738.749
7478;;21/05/2026;11:59:27;24;1432278099;1779364767.759
6727;;21/05/2026;12:00:50;247;993307777;1779364850.771
7476;;21/05/2026;12:01:45;46;1432278099;1779364905.779
7472;;21/05/2026;12:03:01;200;6133648422;1779364981.792
6548;ADJ PESSOAL;21/05/2026;12:15:04;2;21983062060;1779365704.957
6548;ADJ PESSOAL;21/05/2026;12:15:29;6;2134007777;1779365729.963
6548;ADJ PESSOAL;21/05/2026;12:18:11;3;21983062060;1779365891.994
7472;;21/05/2026;12:23:23;27;6133648376;1779366203.1078
7478;;21/05/2026;12:24:13;232;1432278099;1779366253.1086
7478;;21/05/2026;12:34:53;56;1432278099;1779366893.1258
7478;;21/05/2026;12:43:30;76;1631900610;1779367410.1387
7478;;21/05/2026;12:45:29;98;1635101711;1779367529.1426
7476;;21/05/2026;12:48:50;121;1732034091;1779367730.1475
7478;;21/05/2026;12:53:50;61;1432278099;1779368030.1522
7478;;21/05/2026;13:01:16;8;1635101711;1779368476.1631
7478;;21/05/2026;13:01:58;50;1635101711;1779368518.1643
7472;;21/05/2026;13:06:01;71;6133648376;1779368761.1735
7476;;21/05/2026;13:07:43;2;3433199403;1779368863.1758
7478;;21/05/2026;13:11:51;25;1635101711;1779369111.1824
7478;;21/05/2026;13:12:36;45;1631900610;1779369156.1844
7478;;21/05/2026;13:14:53;16;1635101711;1779369293.1881
7478;;21/05/2026;13:16:15;26;1432278099;1779369375.1900
7476;;21/05/2026;13:17:30;166;1432278099;1779369450.1930
7942;;21/05/2026;13:35:27;20;6133648376;1779370527.2174
7478;;21/05/2026;13:44:06;37;1937467551;1779371046.2342
7476;;21/05/2026;13:44:58;94;1432278099;1779371098.2359
7476;;21/05/2026;13:52:21;19;1630300037;1779371541.2478
7476;;21/05/2026;14:11:27;15;1630300037;1779372687.2766
7476;;21/05/2026;14:24:45;16;1732034091;1779373485.2927
7476;;21/05/2026;14:29:02;13;3433199403;1779373742.2975
6532;SAPL ENC;21/05/2026;14:36:46;8;4141167477;1779374206.3063
6532;SAPL ENC;21/05/2026;14:38:07;375;41988987477;1779374287.3078
7476;;21/05/2026;14:41:54;73;1432278099;1779374514.3127
7476;;21/05/2026;14:44:18;10;1732034091;1779374658.3146
7476;;21/05/2026;15:06:01;105;1732034091;1779375961.3293
7476;;21/05/2026;15:23:55;50;1633389039;1779377035.3321
7476;;21/05/2026;15:48:37;26;1732034091;1779378517.3387
6532;SAPL ENC;21/05/2026;16:25:22;88;1333569711;1779380722.177
7476;;21/05/2026;16:28:49;56;1732034091;1779380929.239
6532;SAPL ENC;21/05/2026;16:28:57;10;41999141990;1779380937.244
7476;;21/05/2026;16:31:05;11;1732034091;1779381065.277
7826;SSTAE AUX 1;21/05/2026;16:32:05;615;1130616000;1779381125.290
6532;SAPL ENC;21/05/2026;16:32:26;180;1125289205;1779381146.292
7476;;21/05/2026;16:32:42;19;1432278099;1779381162.294
7476;;21/05/2026;16:35:59;8;1732034091;1779381359.349
7476;;21/05/2026;16:45:47;3;1631900610;1779381947.479
6532;SAPL ENC;21/05/2026;16:49:30;9;41999141990;1779382170.554
7476;;21/05/2026;16:55:54;21;3433199403;1779382554.657
7476;;21/05/2026;17:02:59;34;1633389039;1779382979.876
7476;;21/05/2026;17:16:03;35;1633389039;1779383763.1062
7120;EM_STS CMT;21/05/2026;17:23:55;330;6120232155;1779384235.1190
7297;SSIED CHEF;21/05/2026;17:30:05;24;4131547900;1779384605.1305
7297;SSIED CHEF;21/05/2026;17:33:46;6;51980123997;1779384826.1368
7881;SESO CHEFE;21/05/2026;17:49:27;4;998255640;1779385767.1679
7297;SSIED CHEF;21/05/2026;18:00:25;3;51980123997;1779386425.2210
7476;;21/05/2026;18:15:47;46;1432278099;1779387347.2469
7476;;21/05/2026;18:18:36;14;1732034091;1779387516.2523
7476;;21/05/2026;18:26:20;52;1633389039;1779387980.2616
7479;;21/05/2026;18:30:39;95;1633389039;1779388239.2685
7825;SSTAE ADJ;21/05/2026;18:49:19;145;1231412144;1779389359.2940
7478;;21/05/2026;19:07:20;35;1432278099;1779390440.3110
7478;;21/05/2026;19:44:11;80;1432278099;1779392651.3206
7478;;21/05/2026;20:03:02;58;1633389039;1779393782.3261
7476;;21/05/2026;20:04:31;28;1633389039;1779393871.3267
7476;;21/05/2026;20:18:29;16;1732034091;1779394709.3322
7476;;21/05/2026;20:48:09;154;1432278099;1779396489.3369
7476;;21/05/2026;20:54:53;56;1732034091;1779396893.3379
7476;;21/05/2026;20:58:47;22;1732034091;1779397127.3388
7476;;21/05/2026;21:20:42;103;3433199403;1779398442.3517
7476;;21/05/2026;21:27:29;26;1732034091;1779398849.3524
7476;;21/05/2026;21:40:40;90;1432278099;1779399640.3546
7476;;21/05/2026;21:46:22;78;1732034091;1779399982.3552
7476;;21/05/2026;22:16:58;14;3433199403;1779401818.3566
7478;;21/05/2026;23:09:55;25;1732034091;1779404995.3632
7476;;22/05/2026;00:30:27;163;3433199403;1779409827.3670
7476;;22/05/2026;00:33:47;17;3433199403;1779410027.3673
7473;;22/05/2026;01:08:52;40;4132515366;1779412132.3684
7478;;22/05/2026;01:19:42;14;1732034091;1779412782.3687
7473;;22/05/2026;01:21:42;262;4132515366;1779412902.3690
7478;;22/05/2026;01:24:40;8;1732034091;1779413080.3692
7478;;22/05/2026;09:41:07;13;1432278099;1779442867.58
7473;;22/05/2026;09:41:39;50;4132515366;1779442899.61
7473;;22/05/2026;09:52:56;52;4132515366;1779443576.100
7476;;22/05/2026;10:14:30;12;1432278099;1779444870.162
7476;;22/05/2026;11:34:25;16;1732034091;1779449665.665
7478;;22/05/2026;11:43:55;45;1635101711;1779450235.791
7149;SAC RECE FISI;22/05/2026;11:47:50;5;998563606;1779450470.864
7476;;22/05/2026;11:48:40;47;1633389039;1779450520.880
7149;SAC RECE FISI;22/05/2026;11:49:11;11;991715417;1779450551.891
7149;SAC RECE FISI;22/05/2026;11:52:17;44;35992029196;1779450737.936
7478;;22/05/2026;11:53:42;48;1633389039;1779450822.956
7149;SAC RECE FISI;22/05/2026;12:00:21;9;991715417;1779451221.1088
7476;;22/05/2026;12:03:56;41;1732034091;1779451436.1143
7478;;22/05/2026;12:07:32;12;1432278099;1779451652.1220
7478;;22/05/2026;12:11:30;63;1432278099;1779451890.1299
7149;SAC RECE FISI;22/05/2026;12:12:03;78;35626541;1779451923.1306
7473;;22/05/2026;12:13:26;251;18981049634;1779452006.1365
7881;SESO CHEFE;22/05/2026;12:14:07;4;998255640;1779452047.1387
7149;SAC RECE FISI;22/05/2026;12:14:07;4;997472003;1779452047.1385
7149;SAC RECE FISI;22/05/2026;12:15:50;159;997472003;1779452150.1410
7364;SIS INSP S;22/05/2026;12:16:36;86;1122247144;1779452196.1430
7149;SAC RECE FISI;22/05/2026;12:19:44;9;982345260;1779452384.1513
7149;SAC RECE FISI;22/05/2026;12:20:52;5;982345260;1779452452.1537
7478;;22/05/2026;12:28:36;65;1432278099;1779452916.1701
7881;SESO CHEFE;22/05/2026;12:32:47;199;998327546;1779453167.1769
7478;;22/05/2026;12:48:44;40;1432278099;1779454124.2005
7478;;22/05/2026;13:05:11;50;1432278099;1779455111.2267
7825;SSTAE ADJ;22/05/2026;13:14:33;9;38444017;1779455673.2438
7476;;22/05/2026;13:18:58;5;1635101711;1779455938.2546
7476;;22/05/2026;13:19:28;5;1635101711;1779455968.2559
7825;SSTAE ADJ;22/05/2026;13:19:29;36;1231412144;1779455969.2561
7825;SSTAE ADJ;22/05/2026;13:20:23;28;1231412144;1779456023.2577
7825;SSTAE ADJ;22/05/2026;13:21:52;16;1231412144;1779456112.2625
7825;SSTAE ADJ;22/05/2026;13:22:25;27;1231412144;1779456145.2629
7825;SSTAE ADJ;22/05/2026;13:23:17;41;1231412144;1779456197.2648
7476;;22/05/2026;13:36:42;37;3433199403;1779457002.2821
7476;;22/05/2026;14:24:40;11;1732034091;1779459880.9
7476;;22/05/2026;15:04:45;91;1432278099;1779462285.483
7476;;22/05/2026;15:08:58;11;1631900610;1779462538.519
7476;;22/05/2026;15:10:03;3;1631900610;1779462603.529
7473;;22/05/2026;15:13:56;45;21981815303;1779462836.550
7473;;22/05/2026;15:44:01;80;2121747510;1779464641.654
7149;SAC RECE FISI;22/05/2026;16:38:15;6;982345260;1779467895.969
7149;SAC RECE FISI;22/05/2026;16:39:36;49;997484290;1779467976.988
7149;SAC RECE FISI;22/05/2026;16:41:26;9;993729127;1779468086.995
7149;SAC RECE FISI;22/05/2026;16:47:40;9;993729127;1779468460.1009
7149;SAC RECE FISI;22/05/2026;16:50:27;16;984161781;1779468627.1022
7478;;22/05/2026;16:52:55;26;1635101711;1779468775.1034
7149;SAC RECE FISI;22/05/2026;16:57:11;67;991146699;1779469031.1042
7476;;22/05/2026;16:59:30;98;1635101711;1779469170.1047
7149;SAC RECE FISI;22/05/2026;17:00:59;9;21996508153;1779469259.1049
7476;;22/05/2026;17:03:35;37;1633389039;1779469415.1055
7149;SAC RECE FISI;22/05/2026;17:07:37;13;999468594;1779469657.1073
7149;SAC RECE FISI;22/05/2026;17:08:44;50;997484290;1779469724.1082
7476;;22/05/2026;17:21:46;33;3433199403;1779470506.1135
7476;;22/05/2026;17:23:38;61;1635101711;1779470618.1143
7476;;22/05/2026;17:32:25;101;3433199403;1779471145.1165
7476;;22/05/2026;17:37:44;20;1732034091;1779471464.1198
7478;;22/05/2026;17:45:17;66;1432278099;1779471917.1229
7478;;22/05/2026;17:54:26;71;1432278099;1779472466.1248
7476;;22/05/2026;17:56:37;15;1633389039;1779472597.1264
7476;;22/05/2026;18:01:04;25;1633389039;1779472864.1283
7476;;22/05/2026;18:04:09;73;1432278099;1779473049.1296
7478;;22/05/2026;18:10:09;74;1635101711;1779473409.1345
7478;;22/05/2026;18:13:14;178;1432278099;1779473594.1365
7476;;22/05/2026;18:18:18;67;1633389039;1779473898.1413
7478;;22/05/2026;18:23:42;12;1432278099;1779474222.1430
7478;;22/05/2026;18:28:28;55;1631900610;1779474508.1454
7476;;22/05/2026;18:30:31;37;1732034091;1779474631.1461
7478;;22/05/2026;18:34:02;9;1631900610;1779474842.1469
7478;;22/05/2026;18:34:38;141;1633389039;1779474878.1475
7473;;22/05/2026;18:36:19;118;2121747510;1779474979.1481
7476;;22/05/2026;18:57:00;14;1633389039;1779476220.1552
7476;;22/05/2026;19:11:42;31;1633389039;1779477102.1597
7476;;22/05/2026;19:18:15;50;1732034091;1779477495.1637
7476;;22/05/2026;20:01:11;21;3433199403;1779480071.1779
7478;;22/05/2026;20:37:03;21;1635101711;1779482223.1855
7476;;22/05/2026;20:40:29;64;3433199403;1779482429.1863
7476;;22/05/2026;20:44:56;27;3433199403;1779482696.1877
7476;;22/05/2026;20:48:17;56;1432278099;1779482897.1883
7476;;22/05/2026;20:55:46;27;3433199403;1779483346.1890
7476;;22/05/2026;21:00:03;62;1732034091;1779483603.1903
7476;;22/05/2026;21:15:40;44;1732034091;1779484540.1923
7476;;22/05/2026;21:18:27;17;3433199403;1779484707.1931
7476;;22/05/2026;21:23:01;1;1732034091;1779484981.1939
7476;;22/05/2026;21:23:36;23;1732034091;1779485016.1943
7478;;22/05/2026;21:24:18;18;1432278099;1779485058.1946
7476;;22/05/2026;21:31:52;23;1732034091;1779485512.1960
7476;;22/05/2026;21:33:32;3;1631900610;1779485612.1965
7473;;23/05/2026;09:23:43;274;27992774117;1779528223.47
7476;;23/05/2026;11:26:21;42;3433199403;1779535581.207
7478;;23/05/2026;12:42:36;246;1432278099;1779540156.3
7478;;23/05/2026;12:47:04;4;1432278099;1779540424.11
7478;;23/05/2026;12:47:22;2;1432278099;1779540442.15
7478;;23/05/2026;12:47:44;4;1432278099;1779540464.19
7476;;23/05/2026;12:51:45;3;1630300037;1779540705.35
7476;;23/05/2026;12:53:48;20;3433199403;1779540828.39
7476;;23/05/2026;12:59:20;17;1732034091;1779541160.51
7478;;23/05/2026;13:25:23;5;1432278099;1779542723.87
7476;;23/05/2026;14:00:45;3;1630300037;1779544845.179
7479;;23/05/2026;14:01:52;19;6133648404;1779544912.187
7476;;23/05/2026;14:02:09;29;1732034091;1779544929.190
7476;;23/05/2026;14:03:02;3;1630300037;1779544982.199
7478;;23/05/2026;14:03:48;14;1432278099;1779545028.204
7476;;23/05/2026;14:04:08;3;1630300037;1779545048.208
7478;;23/05/2026;14:05:54;60;2121016357;1779545154.216
7478;;23/05/2026;14:08:17;41;6133648404;1779545297.228
7476;;23/05/2026;14:20:53;47;3433199403;1779546053.243
7476;;23/05/2026;14:26:41;102;1432278099;1779546401.262
7478;;23/05/2026;14:47:17;61;1432278099;1779547637.317
7476;;23/05/2026;14:54:35;41;3433199403;1779548075.329
7476;;23/05/2026;15:46:02;42;1732034091;1779551162.386
7476;;23/05/2026;16:18:00;16;3433199403;1779553080.403
7476;;23/05/2026;16:20:49;71;3433199403;1779553249.407
7476;;23/05/2026;17:30:43;57;1732034091;1779557443.456
7478;;23/05/2026;17:58:41;114;1635101711;1779559121.482
7478;;23/05/2026;18:00:58;45;1432278099;1779559258.488
7479;;23/05/2026;18:58:28;68;6133648404;1779562708.522
7476;;23/05/2026;19:23:17;26;1732034091;1779564197.525
7476;;24/05/2026;01:41:36;16;1732034091;1779586896.31
7476;;24/05/2026;08:50:47;21;1732034091;1779612647.65
7476;;24/05/2026;11:45:32;17;1732034091;1779623132.62
7476;;24/05/2026;11:52:55;16;1732034091;1779623575.70
7476;;24/05/2026;12:45:17;19;1732034091;1779626717.169
7478;;24/05/2026;13:10:09;68;1432278099;1779628209.185
7478;;24/05/2026;13:44:06;54;1432278099;1779630246.201
7478;;24/05/2026;13:49:02;101;1432278099;1779630542.206
7476;;24/05/2026;13:50:45;33;1432278099;1779630645.209
7478;;24/05/2026;14:01:14;27;1432278099;1779631274.213
7478;;24/05/2026;14:03:36;85;1432278099;1779631416.219
7476;;24/05/2026;14:12:44;28;3433199403;1779631964.222
7476;;24/05/2026;14:32:19;67;3433199403;1779633139.238
7476;;24/05/2026;14:35:40;12;1633389039;1779633340.242
7476;;24/05/2026;14:36:53;39;1635101711;1779633413.245
7476;;24/05/2026;14:48:51;24;1732034091;1779634131.277
7478;;24/05/2026;14:52:51;13;1732034091;1779634370.288
7478;;24/05/2026;14:53:19;33;1432278099;1779634399.291
7476;;24/05/2026;15:11:11;21;1732034091;1779635471.302
7476;;24/05/2026;15:19:04;28;1732034091;1779635944.311
7478;;24/05/2026;15:25:16;48;1432278099;1779636316.325
7478;;24/05/2026;15:39:32;126;1432278099;1779637172.328
7476;;24/05/2026;16:01:55;38;1432278099;1779638515.340
7478;;24/05/2026;16:57:08;36;1432278099;1779641828.365
7478;;24/05/2026;16:59:31;111;1432278099;1779641971.368
7476;;24/05/2026;17:16:02;21;3433199403;1779642962.375
7476;;24/05/2026;18:03:16;18;1732034091;1779645796.414
7478;;24/05/2026;18:39:34;55;1432278099;1779647974.437
7478;;24/05/2026;20:07:08;45;1432278099;1779653228.463
7476;;24/05/2026;20:12:19;56;3433199403;1779653539.466
7476;;24/05/2026;20:17:51;8;3433199403;1779653871.469
7478;;24/05/2026;20:23:35;35;1432278099;1779654215.475
7476;;24/05/2026;20:55:39;16;1732034091;1779656139.515
7476;;24/05/2026;21:29:26;36;3433199403;1779658166.525
7476;;24/05/2026;21:37:20;72;3433199403;1779658640.528
7476;;24/05/2026;22:56:54;26;1732034091;1779663414.576
7476;;24/05/2026;23:39:01;19;1732034091;1779665941.584
7478;;25/05/2026;01:33:46;12;1732034091;1779672826.601
7478;;25/05/2026;09:23:47;10;1432278099;1779701027.651
7476;;25/05/2026;10:14:30;124;1432278099;1779704070.717
7476;;25/05/2026;10:32:49;67;3433199403;1779705169.753
7476;;25/05/2026;10:35:32;55;1432278099;1779705332.760
7476;;25/05/2026;10:46:24;55;3433199403;1779705984.804
7476;;25/05/2026;10:51:36;100;3433199403;1779706296.830
7478;;25/05/2026;11:00:59;32;1631900610;1779706859.893
7476;;25/05/2026;11:04:59;59;1732034091;1779707099.921
7476;;25/05/2026;11:06:17;81;3433199403;1779707177.936
7476;;25/05/2026;11:13:04;36;1432278099;1779707584.989
7476;;25/05/2026;11:15:26;12;1732034091;1779707726.1013
7476;;25/05/2026;11:17:33;17;1732034091;1779707853.1031
7478;;25/05/2026;11:18:34;52;1432278099;1779707914.1038
7476;;25/05/2026;11:19:50;23;1633389039;1779707990.1055
7367;SMD AUX. S;25/05/2026;11:33:30;130;35438300;1779708810.1295
7478;;25/05/2026;11:34:40;42;1432278099;1779708880.1308
7476;;25/05/2026;11:34:42;30;1732034091;1779708882.1310
7476;;25/05/2026;11:36:29;20;1432278099;1779708989.1341
7367;SMD AUX. S;25/05/2026;11:38:03;185;35545550;1779709083.1360
7478;;25/05/2026;11:41:15;16;1633389039;1779709275.1409
7476;;25/05/2026;11:42:39;66;1732034091;1779709359.1434
7476;;25/05/2026;11:45:31;31;1633389039;1779709531.1494
7476;;25/05/2026;13:03:18;11;1630300037;1779714198.9
7476;;25/05/2026;13:03:47;16;1630300037;1779714227.18
7476;;25/05/2026;13:04:30;40;1635101711;1779714270.40
7476;;25/05/2026;13:05:40;11;1630300037;1779714340.62
7476;;25/05/2026;13:06:10;9;1631900610;1779714370.80
7476;;25/05/2026;13:06:29;3;1631900610;1779714389.89
7473;;25/05/2026;13:09:01;153;2121016414;1779714541.180
7476;;25/05/2026;13:09:41;43;1633389039;1779714581.194
7478;;25/05/2026;13:20:22;88;1432278099;1779715222.423
7364;SIS INSP S;25/05/2026;13:23:43;60;2124685100;1779715423.506
7476;;25/05/2026;13:35:59;35;1432278099;1779716159.766
7786;SMD CH PRONT AT;25/05/2026;13:46:14;86;35627229;1779716774.991
7473;;25/05/2026;14:02:56;68;2121016414;1779717776.1316
7478;;25/05/2026;16:04:37;127;1432278099;1779725077.87
7478;;25/05/2026;16:20:47;37;1432278099;1779726047.407
7478;;25/05/2026;16:26:19;32;1432278099;1779726379.537
7478;;25/05/2026;16:30:25;57;1432278099;1779726625.647
7476;;25/05/2026;16:36:45;53;1732034091;1779727005.832
7478;;25/05/2026;16:45:24;39;1432278099;1779727524.995
7476;;25/05/2026;16:51:54;70;1633389039;1779727914.1121
7478;;25/05/2026;16:58:35;50;1432278099;1779728315.1231
7472;;25/05/2026;17:07:00;103;2121747303;1779728820.1349
7335;;25/05/2026;17:08:17;15;993307777;1779728897.1363
7335;;25/05/2026;17:09:17;42;993307777;1779728957.1385
7478;;25/05/2026;17:11:53;22;1432278099;1779729113.1445
7478;;25/05/2026;17:26:23;104;1432278099;1779729983.1622
7472;;25/05/2026;17:27:58;85;2121747303;1779730078.1656
7476;;25/05/2026;17:32:46;4;1631900610;1779730366.1749
7478;;25/05/2026;17:33:33;18;1432278099;1779730413.1774
7476;;25/05/2026;17:34:52;18;1732034091;1779730492.1801
7476;;25/05/2026;17:36:07;59;1432278099;1779730567.1827
7476;;25/05/2026;17:37:33;3;1631900610;1779730653.1845
7476;;25/05/2026;17:39:51;33;1633389039;1779730791.1892
7479;;25/05/2026;18:01:56;132;4330279160;1779732116.2334
7479;;25/05/2026;18:09:48;89;4330279160;1779732588.2490
7479;;25/05/2026;18:13:16;138;4330279105;1779732796.2552
7479;;25/05/2026;18:19:51;25;4433663838;1779733191.2688
7479;;25/05/2026;18:20:49;64;4433663833;1779733249.2708
7476;;25/05/2026;18:22:08;31;1633389039;1779733328.2739
7476;;25/05/2026;18:25:53;49;1732034091;1779733553.2824
7476;;25/05/2026;18:30:57;86;1633389039;1779733857.2907
7478;;25/05/2026;18:39:33;69;1432278099;1779734373.3068
7476;;25/05/2026;18:45:42;69;1633389039;1779734742.3202
7476;;25/05/2026;18:53:19;10;1732034091;1779735199.3265
7476;;25/05/2026;18:53:46;50;1432278099;1779735226.3272
7478;;25/05/2026;18:56:52;34;1432278099;1779735412.3310
7476;;25/05/2026;19:05:17;64;1432278099;1779735917.3351
7476;;25/05/2026;19:15:04;22;1432278099;1779736504.3407
7476;;25/05/2026;19:17:58;20;1732034091;1779736678.3431
7476;;25/05/2026;19:19:16;57;1633389039;1779736756.3439
7478;;25/05/2026;19:30:22;37;1633389039;1779737422.3466
7476;;25/05/2026;19:56:27;70;3433199403;1779738987.3538
7476;;25/05/2026;20:09:42;27;1732034091;1779739782.3591
7478;;25/05/2026;20:21:34;89;1432278099;1779740494.3635
7476;;25/05/2026;20:24:44;12;1432278099;1779740684.3638
7476;;25/05/2026;20:25:16;6;1732034091;1779740716.3641
7476;;25/05/2026;20:37:22;3;1631900610;1779741442.3661
7478;;25/05/2026;20:42:01;29;1432278099;1779741721.3670
7476;;25/05/2026;21:07:16;16;3433199403;1779743236.3726
7476;;25/05/2026;21:10:34;25;1732034091;1779743434.3732
7476;;25/05/2026;21:14:46;19;1633389039;1779743686.3741
7476;;25/05/2026;21:28:46;34;3433199403;1779744526.3779
7476;;25/05/2026;21:53:23;66;3433199403;1779746003.3806
7476;;25/05/2026;23:18:05;17;1732034091;1779751085.3867
7478;;26/05/2026;11:01:31;38;1432278099;1779793291.92
7478;;26/05/2026;11:11:55;11;1432278099;1779793915.160
6585;SAVP AUX 2;26/05/2026;11:28:51;8;19971384434;1779794931.373
7476;;26/05/2026;11:29:19;37;3433199403;1779794959.386
7476;;26/05/2026;12:31:18;98;1631900610;1779798678.257
7479;;26/05/2026;12:34:39;80;3433199403;1779798879.317
7478;;26/05/2026;12:36:48;49;1432278099;1779799008.373
7478;;26/05/2026;12:39:01;20;1635101711;1779799141.450
7476;;26/05/2026;12:53:00;4;1631900610;1779799980.689
7479;;26/05/2026;12:54:16;169;1934672368;1779800056.702
7476;;26/05/2026;12:55:35;31;1732034091;1779800135.716
7479;;26/05/2026;12:57:22;56;3433199403;1779800242.756
7161;SCAP ENC;26/05/2026;13:10:23;137;3121129151;1779801023.1053
7161;SCAP ENC;26/05/2026;13:14:48;56;3121129608;1779801288.1151
7825;SSTAE ADJ;26/05/2026;13:48:26;129;1633315400;1779803306.1846
7478;;26/05/2026;13:57:53;71;1432278099;1779803873.2030
7476;;26/05/2026;14:05:57;63;1432278099;1779804357.2197
7991;ASTIC CH;26/05/2026;14:09:06;222;2131704898;1779804546.2290
7478;;26/05/2026;14:12:14;25;1633389039;1779804734.2349
7149;SAC RECE FISI;26/05/2026;14:14:02;5;998005377;1779804842.2401
7476;;26/05/2026;14:16:14;37;3433199403;1779804974.2478
7478;;26/05/2026;14:17:36;42;1635101711;1779805056.2511
7476;;26/05/2026;14:20:04;6;3433199403;1779805204.2556
7476;;26/05/2026;14:20:34;20;3433199403;1779805234.2564
7476;;26/05/2026;14:31:00;29;1633389039;1779805860.2732
7476;;26/05/2026;14:35:20;22;1631900610;1779806120.2776
7149;SAC RECE FISI;26/05/2026;14:35:53;7;61984401626;1779806153.2786
7476;;26/05/2026;14:44:24;37;1633389039;1779806664.2889
7147;SMD CENT CIRUR;26/05/2026;14:48:25;40;998048244;1779806905.2925
7149;SAC RECE FISI;26/05/2026;14:55:31;9;61984401626;1779807331.2982
7476;;26/05/2026;15:16:08;43;1732034091;1779808568.3060
7149;SAC RECE FISI;26/05/2026;15:44:14;115;982910556;1779810254.3194
7149;SAC RECE FISI;26/05/2026;15:48:09;11;997484290;1779810489.3242
6803;SIS CH 2;26/05/2026;15:48:34;107;1636365737;1779810514.3255
7149;SAC RECE FISI;26/05/2026;15:49:21;50;997484290;1779810561.3277
7478;;26/05/2026;16:00:35;49;1432278099;1779811235.3382
7825;SSTAE ADJ;26/05/2026;16:02:52;51;1633315400;1779811372.3412
7476;;26/05/2026;16:08:59;13;1633389039;1779811739.3517
7476;;26/05/2026;16:09:38;50;1732034091;1779811778.3525
7476;;26/05/2026;16:13:44;33;3433199403;1779812024.3577
7149;SAC RECE FISI;26/05/2026;16:14:33;30;991146699;1779812073.3595
7476;;26/05/2026;16:16:00;17;3433199403;1779812160.3618
7149;SAC RECE FISI;26/05/2026;16:16:49;37;999468594;1779812209.3646
7161;SCAP ENC;26/05/2026;16:24:27;449;3121129606;1779812667.3825
7476;;26/05/2026;16:25:19;11;1633389039;1779812719.3847
7476;;26/05/2026;16:28:24;14;1432278099;1779812904.3901
7476;;26/05/2026;16:29:03;9;1732034091;1779812943.3916
7476;;26/05/2026;16:31:04;18;1732034091;1779813064.3948
7298;SECRETARIA ALTERAÇÕES;26/05/2026;16:57:50;12;32984938701;1779814670.4498
7298;SECRETARIA ALTERAÇÕES;26/05/2026;16:58:45;16;32984938701;1779814725.4510
7298;SECRETARIA ALTERAÇÕES;26/05/2026;16:59:19;142;32984938701;1779814759.4519
7478;;26/05/2026;17:04:13;46;1635101711;1779815053.4603
7478;;26/05/2026;17:10:59;64;1432278099;1779815459.4760
7026;SIDOM ATEN;26/05/2026;17:16:07;6;982254346;1779815767.4847
7476;;26/05/2026;17:20:03;24;3433199403;1779816003.4916
7476;;26/05/2026;17:21:28;19;1732034091;1779816088.4954
7476;;26/05/2026;17:29:39;44;1732034091;1779816579.5105
7476;;26/05/2026;17:34:48;17;1432278099;1779816888.5204
7476;;26/05/2026;17:40:56;52;1635101711;1779817256.5314
7476;;26/05/2026;17:42:31;37;1432278099;1779817351.5353
7476;;26/05/2026;17:43:32;16;1732034091;1779817412.5368
7389;SAU PAYS;26/05/2026;17:46:27;184;935010478;1779817587.5452
7476;;26/05/2026;17:46:58;41;1633389039;1779817618.5470
7389;SAU PAYS;26/05/2026;17:52:46;69;935010478;1779817966.5582
7476;;26/05/2026;17:53:01;39;1635101711;1779817981.5591
7478;;26/05/2026;17:54:18;22;1432278099;1779818058.5616
7825;SSTAE ADJ;26/05/2026;18:00:16;137;1633315400;1779818416.5736
6727;;26/05/2026;18:05:41;610;35616613;1779818741.5843
7476;;26/05/2026;18:05:46;14;1732034091;1779818746.5849
7476;;26/05/2026;18:06:12;8;1432278099;1779818772.5859
7478;;26/05/2026;18:10:10;50;11941754723;1779819010.5948
7478;;26/05/2026;18:11:41;26;1633389039;1779819101.5989
7825;SSTAE ADJ;26/05/2026;18:12:49;104;1633315400;1779819169.6023
7476;;26/05/2026;19:38:14;25;1732034091;1779824294.6842
7476;;26/05/2026;20:19:03;11;1633389039;1779826743.6979
7476;;26/05/2026;20:36:28;48;3433199403;1779827788.7031
7478;;26/05/2026;21:01:13;46;1432278099;1779829273.7093
7478;;26/05/2026;21:04:54;57;1432278099;1779829494.7103
7476;;26/05/2026;21:16:40;14;1732034091;1779830200.7130
7478;;26/05/2026;21:34:20;56;1633389039;1779831260.7169
7478;;26/05/2026;21:38:28;24;1633389039;1779831508.7188
7478;;26/05/2026;21:39:35;32;3433199403;1779831575.7191
7478;;26/05/2026;22:12:27;16;1432278099;1779833547.7247
7476;;26/05/2026;22:24:04;33;3433199403;1779834244.7262
7476;;27/05/2026;09:47:25;54;3433199403;1779875245.110
7479;;27/05/2026;11:16:23;44;3433199403;1779880583.199
7473;;27/05/2026;11:46:21;53;11984588589;1779882381.583
7478;;27/05/2026;11:59:52;110;1432278099;1779883192.799
6522;Aux pessoal EDA;27/05/2026;12:07:45;61;6121029818;1779883665.969
6522;Aux pessoal EDA;27/05/2026;12:09:29;58;6121029808;1779883769.1002
7478;;27/05/2026;12:18:21;37;1432278099;1779884301.1178
7476;;27/05/2026;12:31:52;37;1630300037;1779885112.1368
7476;;27/05/2026;12:47:03;36;1633389039;1779886023.1627
7478;;27/05/2026;12:49:46;76;1432278099;1779886186.1664
7476;;27/05/2026;13:00:29;9;3433199403;1779886829.1865
7476;;27/05/2026;13:00:56;22;3433199403;1779886856.1879
7476;;27/05/2026;13:08:53;25;1732034091;1779887333.2027
7476;;27/05/2026;13:13:09;27;3433199403;1779887589.2092
6522;Aux pessoal EDA;27/05/2026;13:28:52;308;6121029808;1779888532.2395
7476;;27/05/2026;13:37:15;26;1432278099;1779889035.2567
7478;;27/05/2026;13:46:43;28;1432278099;1779889603.2745
7476;;27/05/2026;13:54:02;38;1635101711;1779890042.2907
7478;;27/05/2026;13:55:11;66;1635101711;1779890111.2932
7917;SAVP CIV;27/05/2026;13:58:37;90;998013537;1779890317.2987
7476;;27/05/2026;14:06:42;52;1633389039;1779890802.3141
7476;;27/05/2026;14:08:17;11;1732034091;1779890897.3172
7476;;27/05/2026;14:10:04;83;1732034091;1779891004.3210
7478;;27/05/2026;14:10:43;19;1432278099;1779891043.3218
7476;;27/05/2026;14:13:51;59;1633389039;1779891231.3256
7478;;27/05/2026;14:22:12;19;1633389039;1779891732.3336
7478;;27/05/2026;14:26:30;13;1432278099;1779891990.3375
6512;SC MANUT PAYS 2;27/05/2026;14:35:27;110;996026603;1779892527.3458
7917;SAVP CIV;27/05/2026;14:39:09;93;998677786;1779892749.3488
7479;;27/05/2026;14:50:12;136;6133648404;1779893412.3561
7478;;27/05/2026;14:55:34;22;1432278099;1779893734.3615
7476;;27/05/2026;14:59:14;14;1732034091;1779893954.3656
7479;;27/05/2026;15:03:15;210;6133648404;1779894195.3672
7776;ODONT ALMOX;27/05/2026;15:08:52;128;1639195375;1779894532.3704
7022;CAPELANIA CHEFE;27/05/2026;15:23:06;15;35611657;1779895386.3774
7022;CAPELANIA CHEFE;27/05/2026;15:24:00;41;35611657;1779895440.3784
7476;;27/05/2026;15:29:00;41;1732034091;1779895740.3810
6727;;27/05/2026;15:39:08;147;35616613;1779896348.3876
7476;;27/05/2026;16:45:30;165;3433199403;1779900330.4639
7476;;27/05/2026;17:25:07;36;3433199403;1779902707.5154
6532;SAPL ENC;27/05/2026;17:28:57;26;41999141990;1779902937.5207
7476;;27/05/2026;17:32:27;32;1633389039;1779903147.5258
7476;;27/05/2026;17:40:10;14;1732034091;1779903610.5430
7476;;27/05/2026;17:45:05;76;1432278099;1779903905.5558
7476;;27/05/2026;17:47:44;17;1432278099;1779904064.5579
7476;;27/05/2026;17:48:22;29;3433199403;1779904102.5587
7478;;27/05/2026;17:54:17;76;1432278099;1779904457.5728
7476;;27/05/2026;17:55:22;17;1732034091;1779904522.5745
7476;;27/05/2026;18:08:53;97;3433199403;1779905333.5899
7478;;27/05/2026;18:12:46;15;1631900610;1779905566.5942
7476;;27/05/2026;18:25:10;14;1732034091;1779906310.6079
7476;;27/05/2026;18:35:56;87;1633389039;1779906956.91
7476;;27/05/2026;18:39:11;28;3433199403;1779907151.131
7476;;27/05/2026;18:40:48;47;3433199403;1779907248.152
7478;;27/05/2026;18:43:40;45;1432278099;1779907420.198
7476;;27/05/2026;18:44:56;75;1631900610;1779907496.208
7476;;27/05/2026;18:46:47;12;1432278099;1779907607.230
7476;;27/05/2026;18:49:17;15;3433199403;1779907757.247
7478;;27/05/2026;18:53:05;100;1635101711;1779907985.269
7478;;27/05/2026;19:08:00;88;1432278099;1779908880.370
7478;;27/05/2026;19:11:54;23;1432278099;1779909114.380
7476;;27/05/2026;19:16:39;14;1633389039;1779909399.407
7476;;27/05/2026;19:25:16;60;3433199403;1779909916.457
7476;;27/05/2026;19:28:16;44;1633389039;1779910096.465
7478;;27/05/2026;19:31:34;37;1633389039;1779910294.482
7476;;27/05/2026;19:40:41;3;1631900610;1779910841.543
7476;;27/05/2026;19:41:17;2;1630300037;1779910877.548
7476;;27/05/2026;19:44:58;55;1633389039;1779911098.559
7478;;27/05/2026;19:46:00;7;1432278099;1779911160.568
7476;;27/05/2026;19:46:30;43;1631900610;1779911190.571
7476;;27/05/2026;20:06:25;14;1633389039;1779912385.655
7476;;27/05/2026;20:18:32;17;1732034091;1779913112.682
7476;;27/05/2026;20:21:33;14;1432278099;1779913293.688
7476;;27/05/2026;20:42:22;29;1432278099;1779914542.735
7476;;27/05/2026;23:56:42;18;1732034091;1779926202.68
7476;;28/05/2026;00:50:46;19;1732034091;1779929446.74
7476;;28/05/2026;08:20:50;32;1732034091;1779956450.120
7476;;28/05/2026;08:26:43;15;3433199403;1779956803.133
7476;;28/05/2026;09:14:36;20;1633389039;1779959676.214
7476;;28/05/2026;10:32:01;6;1633389039;1779964321.101
7478;;28/05/2026;10:32:27;14;1732034091;1779964347.104
7476;;28/05/2026;10:34:11;66;1432278099;1779964451.112
7476;;28/05/2026;10:59:06;16;1732034091;1779965946.296
7476;;28/05/2026;11:01:23;14;1732034091;1779966083.322
7823;CAIS 1;28/05/2026;11:03:08;546;989762798;1779966188.341
7478;;28/05/2026;11:05:28;43;1432278099;1779966328.365
7476;;28/05/2026;11:11:38;47;1732034091;1779966698.435
7478;;28/05/2026;11:11:46;39;1432278099;1779966706.438
7478;;28/05/2026;11:13:15;71;1432278099;1779966795.448
7478;;28/05/2026;11:16:22;23;1432278099;1779966982.482
7358;SMD HOSP;28/05/2026;11:16:48;9;993307777;1779967008.490
7478;;28/05/2026;11:20:38;39;3433199403;1779967238.519
7476;;28/05/2026;11:23:39;22;1732034091;1779967419.549
7478;;28/05/2026;11:26:50;34;1633389039;1779967610.570
7478;;28/05/2026;11:30:32;23;1633389039;1779967832.630
7358;SMD HOSP;28/05/2026;11:32:49;312;993307777;1779967969.677
7476;;28/05/2026;11:32:55;14;1432278099;1779967975.679
7476;;28/05/2026;11:33:50;78;3433199403;1779968030.695
7476;;28/05/2026;11:38:50;75;1732034091;1779968330.773
7476;;28/05/2026;11:44:30;28;1630300037;1779968670.855
7175;SAVP PENS;28/05/2026;11:48:37;360;998874022;1779968917.921
7476;;28/05/2026;11:58:25;93;1432278099;1779969505.1031
7478;;28/05/2026;12:01:56;20;1633389039;1779969716.1060
7175;SAVP PENS;28/05/2026;12:08:41;8;992902332;1779970121.1129
7175;SAVP PENS;28/05/2026;12:09:31;11;992902332;1779970171.1142
7476;;28/05/2026;12:15:41;12;1432278099;1779970541.1205
7476;;28/05/2026;12:20:08;34;3433199403;1779970808.1257
7476;;28/05/2026;12:26:51;53;3433199403;1779971211.1336
7478;;28/05/2026;12:42:05;10;1432278099;1779972125.1498
7478;;28/05/2026;12:42:48;7;1432278099;1779972168.1514
7478;;28/05/2026;12:44:54;39;1432278099;1779972294.1546
7335;;28/05/2026;12:54:04;7;1599775566703;1779972844.1654
7478;;28/05/2026;13:03:13;32;1432278099;1779973393.1819
7476;;28/05/2026;13:06:13;39;1732034091;1779973573.1879
7478;;28/05/2026;13:24:15;95;1635101711;1779974655.2067
7476;;28/05/2026;13:34:33;128;3433199403;1779975273.2198
7478;;28/05/2026;13:40:31;35;1635101711;1779975631.2288
7476;;28/05/2026;13:58:49;15;1732034091;1779976729.2435
7476;;28/05/2026;14:07:08;39;3433199403;1779977228.2488
7478;;28/05/2026;14:33:56;40;1432278099;1779978836.2692
7478;;28/05/2026;14:53:34;55;1432278099;1779980014.2786
7476;;28/05/2026;15:14:12;8;1633389039;1779981252.2896
7358;SMD HOSP;28/05/2026;15:46:22;291;993307777;1779983182.3100
7478;;28/05/2026;15:54:07;36;1432278099;1779983647.3159
7476;;28/05/2026;15:55:50;61;1633389039;1779983750.3181
7476;;28/05/2026;15:57:29;91;3433199403;1779983849.3202
7476;;28/05/2026;15:59:46;56;1432278099;1779983986.3232
7478;;28/05/2026;16:39:17;30;16997545734;1779986357.3814
7473;;28/05/2026;16:51:35;3;982501031;1779987095.4026
7473;;28/05/2026;16:52:21;5;982501031;1779987141.4073
7473;;28/05/2026;16:53:11;0;982501031;1779987191.4093
7476;;28/05/2026;17:00:05;14;1432278099;1779987605.4224
7476;;28/05/2026;17:00:34;14;3433199403;1779987634.4238
7476;;28/05/2026;17:01:05;9;1732034091;1779987665.4255
6783;;28/05/2026;17:03:05;9;997402771;1779987785.4296
7478;;28/05/2026;17:16:39;91;1432278099;1779988599.4515
7478;;28/05/2026;17:37:05;87;1432278099;1779989825.4842
7476;;28/05/2026;19:00:33;104;1630300037;1779994833.124
7478;;28/05/2026;19:01:42;5;1631900610;1779994902.165
7476;;28/05/2026;19:10:03;30;1432278099;1779995403.239
7476;;28/05/2026;19:16:54;20;1633389039;1779995814.307
7476;;28/05/2026;19:31:10;22;1633389039;1779996670.412
7476;;28/05/2026;19:32:03;30;1633389039;1779996723.421
7478;;28/05/2026;19:32:41;73;3433199403;1779996761.424
7476;;28/05/2026;19:33:53;65;1432278099;1779996833.432
7476;;28/05/2026;19:45:12;25;1633389039;1779997512.462
7476;;28/05/2026;19:47:44;25;1432278099;1779997664.473
7476;;28/05/2026;19:51:13;62;1732034091;1779997873.495
7476;;28/05/2026;19:52:30;63;3433199403;1779997950.500
7476;;28/05/2026;20:14:06;10;1633389039;1779999246.566
7478;;28/05/2026;20:36:40;21;1432278099;1780000600.614
7478;;28/05/2026;20:40:52;63;1432278099;1780000852.637
7476;;28/05/2026;21:05:47;43;3433199403;1780002347.697
7478;;28/05/2026;21:10:27;36;1432278099;1780002627.705
7476;;28/05/2026;21:28:32;33;3433199403;1780003712.743
7476;;28/05/2026;21:46:22;44;3433199403;1780004782.800
7478;;28/05/2026;22:13:56;39;1432278099;1780006436.846
7473;;29/05/2026;00:09:49;134;2121747510;1780013389.931
7478;;29/05/2026;00:55:36;16;1732034091;1780016136.947
7478;;29/05/2026;01:47:01;33;1432278099;1780019221.962
7473;;29/05/2026;01:54:35;339;2121747500;1780019675.977
7478;;29/05/2026;09:50:44;76;1432278099;1780048244.1089
7476;;29/05/2026;09:58:20;179;3433199403;1780048700.1104
7476;;29/05/2026;10:42:12;52;1732034091;1780051332.1158
7358;SMD HOSP;29/05/2026;10:48:22;177;993307777;1780051702.1164
7476;;29/05/2026;11:15:16;14;1631900610;1780053316.1544
7364;SIS INSP S;29/05/2026;11:18:15;19;978294376;1780053495.1562
7364;SIS INSP S;29/05/2026;11:19:17;12;978294376;1780053557.1567
7476;;29/05/2026;11:21:17;145;1432278099;1780053677.1590
7364;SIS INSP S;29/05/2026;11:23:29;12;978294376;1780053809.1607
7364;SIS INSP S;29/05/2026;11:27:25;6;981096281;1780054045.1621
7478;;29/05/2026;11:34:45;119;16997545734;1780054485.1695
7360;SC ANAL CLI;29/05/2026;11:36:52;17;994928036;1780054612.1719
7476;;29/05/2026;11:38:29;134;1732034091;1780054709.1742
7476;;29/05/2026;11:41:05;50;1732034091;1780054865.1786
7476;;29/05/2026;11:50:57;36;1732034091;1780055457.1903
7776;ODONT ALMOX;29/05/2026;11:54:19;256;1639195375;1780055659.1933
7020;SEÇÃ MEDI;29/05/2026;11:58:39;50;35611322;1780055919.1994
7389;SAU PAYS;29/05/2026;12:14:27;237;35266114;1780056867.2236
7478;;29/05/2026;12:24:05;57;1432278099;1780057445.2387
7478;;29/05/2026;12:40:16;95;1432278099;1780058416.2684
7478;;29/05/2026;12:48:14;78;1432278099;1780058894.2801
7478;;29/05/2026;12:50:26;39;1635101711;1780059026.2840
7259;CGAD COORD;29/05/2026;12:54:27;46;6120232263;1780059267.2866
7476;;29/05/2026;12:57:53;18;1633389039;1780059473.2909
7478;;29/05/2026;12:59:14;63;1635101711;1780059554.2929
7478;;29/05/2026;13:09:03;14;1635101711;1780060143.3074
7823;CAIS 1;29/05/2026;13:10:19;168;993307777;1780060219.3092
7476;;29/05/2026;13:10:43;41;1432278099;1780060243.3096
7364;SIS INSP S;29/05/2026;13:38:49;146;991636158;1780061929.419
7478;;29/05/2026;13:46:23;129;1432278099;1780062383.591
7476;;29/05/2026;13:58:05;82;3433199403;1780063085.771
7823;CAIS 1;29/05/2026;14:02:57;512;989762798;1780063377.905
7478;;29/05/2026;14:03:19;17;1633389039;1780063399.917
7476;;29/05/2026;14:03:33;8;1732034091;1780063413.922
7476;;29/05/2026;14:05:03;69;1432278099;1780063503.944
7478;;29/05/2026;14:08:09;51;1635101711;1780063689.995
7476;;29/05/2026;14:13:15;28;1732034091;1780063995.1056
7476;;29/05/2026;14:14:50;39;1630300037;1780064090.1078
7478;;29/05/2026;14:22:55;23;1432278099;1780064575.1208
7478;;29/05/2026;14:26:15;68;1432278099;1780064775.1271
7476;;29/05/2026;14:28:48;33;3433199403;1780064928.1298
7823;CAIS 1;29/05/2026;14:29:11;32;989762798;1780064951.1308
7476;;29/05/2026;14:39:24;30;1630300037;1780065564.1436
7476;;29/05/2026;15:02:17;27;1633389039;1780066937.1704
7476;;29/05/2026;15:08:40;14;1633389039;1780067320.1724
7476;;29/05/2026;15:42:19;17;1732034091;1780069339.1820
7476;;29/05/2026;16:40:31;56;3433199403;1780072831.33
7476;;29/05/2026;16:50:45;12;3433199403;1780073445.93
7476;;29/05/2026;16:51:16;53;1432278099;1780073476.96
7476;;29/05/2026;16:53:49;0;1732034091;1780073629.116
7476;;29/05/2026;17:01:51;37;1432278099;1780074111.170
7476;;29/05/2026;17:09:01;10;1432278099;1780074541.179
7476;;29/05/2026;17:09:30;15;1432278099;1780074570.182
7476;;29/05/2026;17:15:26;3;1630300037;1780074926.203
7476;;29/05/2026;17:16:32;54;3433199403;1780074992.206
7476;;29/05/2026;17:23:35;31;1732034091;1780075415.215
7476;;29/05/2026;17:25:52;9;1633389039;1780075552.228
7476;;29/05/2026;17:31:42;23;1432278099;1780075902.251
7476;;29/05/2026;17:33:14;44;3433199403;1780075994.255
7476;;29/05/2026;18:01:24;52;1432278099;1780077684.346
7476;;29/05/2026;18:06:38;20;1732034091;1780077998.363
7478;;29/05/2026;18:13:47;44;1633389039;1780078427.386
7476;;29/05/2026;18:18:55;82;1432278099;1780078735.410
7476;;29/05/2026;18:34:37;87;1633389039;1780079677.452
7476;;29/05/2026;18:45:51;40;1432278099;1780080351.492
7478;;29/05/2026;18:57:09;75;1432278099;1780081029.513
7476;;29/05/2026;19:06:55;30;1633389039;1780081615.525
7476;;29/05/2026;19:13:59;60;3433199403;1780082039.536
7476;;29/05/2026;19:17:30;12;1633389039;1780082250.552
7476;;29/05/2026;19:19:09;66;1631900610;1780082349.568
7476;;29/05/2026;19:22:55;70;1732034091;1780082575.574
7476;;29/05/2026;19:26:12;165;3433199403;1780082772.579
7476;;29/05/2026;19:30:11;33;1633389039;1780083011.585
7476;;29/05/2026;19:31:37;299;3433199403;1780083097.588
7476;;29/05/2026;19:37:22;8;1732034091;1780083442.606
7476;;29/05/2026;19:53:57;23;1732034091;1780084437.643
7476;;29/05/2026;20:04:26;37;1432278099;1780085066.677
7476;;29/05/2026;20:45:27;33;1732034091;1780087527.749
7478;;29/05/2026;20:56:11;111;1432278099;1780088171.754
7473;;30/05/2026;09:37:36;152;27992774117;1780133856.24
7476;;30/05/2026;10:15:21;41;3433199403;1780136121.55
7476;;30/05/2026;10:28:15;40;3433199403;1780136895.77
7476;;30/05/2026;11:27:47;6;16997545734;1780140467.322
7478;;30/05/2026;11:31:09;59;1432278099;1780140669.326
7476;;30/05/2026;11:56:59;26;16997545734;1780142219.437
7473;;30/05/2026;12:02:03;9;27992774117;1780142523.442
7473;;30/05/2026;12:02:48;14;27992774117;1780142568.449
7942;;30/05/2026;12:04:30;82;2121747303;1780142670.458
7473;;30/05/2026;12:05:04;12;27992774117;1780142704.462
7942;;30/05/2026;12:27:21;90;2121747303;1780144041.536
7476;;30/05/2026;13:11:15;18;3433199403;1780146675.693
7476;;30/05/2026;13:32:52;33;3433199403;1780147972.765
7476;;30/05/2026;13:38:10;32;3433199403;1780148290.776
7476;;30/05/2026;13:43:58;147;3433199403;1780148638.803
7478;;30/05/2026;15:09:10;46;1432278099;1780153750.67
7476;;30/05/2026;15:09:45;14;3433199403;1780153785.70
7476;;30/05/2026;15:49:05;18;1732034091;1780156145.100
7476;;30/05/2026;15:49:58;24;1633389039;1780156198.103
7476;;30/05/2026;17:43:08;19;3433199403;1780162988.147
7478;;30/05/2026;18:58:04;73;1432278099;1780167484.209
7476;;30/05/2026;19:00:10;73;3433199403;1780167610.212
7478;;30/05/2026;19:31:19;84;1432278099;1780169479.233
7478;;30/05/2026;19:53:22;43;1432278099;1780170802.260
7476;;30/05/2026;22:28:35;15;1732034091;1780180115.347
7478;;31/05/2026;00:24:46;28;1732034091;1780187086.429
7476;;31/05/2026;10:42:30;32;3433199403;1780224150.78
7476;;31/05/2026;10:47:30;12;3433199403;1780224450.81
7476;;31/05/2026;10:54:08;35;3433199403;1780224848.86
7478;;31/05/2026;11:47:45;52;1635101711;1780228065.167
7476;;31/05/2026;12:34:22;24;1732034091;1780230862.219
7476;;31/05/2026;12:44:52;19;1732034091;1780231492.241
7476;;31/05/2026;14:09:58;36;1732034091;1780236598.438
7478;;31/05/2026;14:47:09;50;1432278099;1780238829.499
7476;;31/05/2026;15:33:14;69;1732034091;1780241594.536
7476;;31/05/2026;15:35:11;53;1432278099;1780241711.546
7478;;31/05/2026;15:41:01;39;1635101711;1780242061.556
7478;;31/05/2026;15:44:29;2;1432278099;1780242269.566
7479;;31/05/2026;15:49:20;8;999626098;1780242560.572
7476;;31/05/2026;16:54:14;97;3433199403;1780246454.613
7476;;31/05/2026;16:58:45;43;1432278099;1780246725.620
7476;;31/05/2026;17:07:35;18;3433199403;1780247255.642
7476;;31/05/2026;17:13:53;21;1732034091;1780247633.645
7476;;31/05/2026;17:14:26;15;3433199403;1780247666.648
7476;;31/05/2026;17:20:00;44;1732034091;1780248000.659
7476;;31/05/2026;17:50:08;14;1732034091;1780249808.688
7476;;31/05/2026;19:00:13;75;3433199403;1780254013.724
7478;;31/05/2026;19:03:30;71;1432278099;1780254210.727
7476;;31/05/2026;19:13:22;49;3433199403;1780254802.740
7478;;31/05/2026;19:16:05;34;1432278099;1780254965.743
7476;;31/05/2026;19:26:14;15;3433199403;1780255574.746
7478;;31/05/2026;19:37:02;20;1432278099;1780256222.761
7476;;31/05/2026;20:36:08;24;3433199403;1780259768.809
7478;;31/05/2026;20:38:14;51;1432278099;1780259894.812
7476;;31/05/2026;21:03:11;20;3433199403;1780261391.844
7476;;01/06/2026;00:10:03;34;1732034091;1780272603.894
7473;;01/06/2026;00:52:29;190;51996865332;1780275149.897
7473;;01/06/2026;00:58:36;26;51996865332;1780275516.900
7476;;01/06/2026;09:45:54;95;3433199403;1780307154.990
7476;;01/06/2026;11:36:53;45;3433199403;1780313813.38
7476;;01/06/2026;11:48:17;44;1432278099;1780314497.253
7476;;01/06/2026;12:14:02;116;1432278099;1780316042.709
7476;;01/06/2026;12:32:10;90;3433199403;1780317130.1023
7476;;01/06/2026;13:59:30;19;1732034091;1780322370.2859
7361;SAD CH GSAU;01/06/2026;14:06:30;195;6120232293;1780322790.3040
7879;;01/06/2026;14:07:19;19;17991097429;1780322839.3051
7879;;01/06/2026;14:08:14;10;17991097429;1780322894.3058
7476;;01/06/2026;14:11:46;57;3433199403;1780323106.3094
7476;;01/06/2026;14:15:40;29;1432278099;1780323340.3127
6803;SIS CH 2;01/06/2026;14:19:20;7;19996204046;1780323560.3174
7478;;01/06/2026;14:24:34;10;19971219652;1780323874.3255
7478;;01/06/2026;14:25:42;55;1937467551;1780323942.3279
6585;SAVP AUX 2;01/06/2026;14:26:24;14;17991097429;1780323984.3288
7149;SAC RECE FISI;01/06/2026;14:38:34;231;35631372;1780324714.3452
7367;SMD AUX. S;01/06/2026;14:45:19;74;1637978777;1780325119.3560
7476;;01/06/2026;14:47:09;4;1630300037;1780325229.3579
7476;;01/06/2026;14:50:58;26;1633389039;1780325458.3619
7476;;01/06/2026;14:54:19;13;1732034091;1780325659.3654
7476;;01/06/2026;14:55:17;46;1630300037;1780325717.3664
7476;;01/06/2026;14:58:03;14;3433199403;1780325883.3679
7476;;01/06/2026;14:58:56;30;1631900610;1780325936.3697
7476;;01/06/2026;14:59:48;14;1631900610;1780325988.3712
7476;;01/06/2026;15:03:31;64;1432278099;1780326211.3733
7476;;01/06/2026;15:14:52;13;1732034091;1780326892.3794
7476;;01/06/2026;15:19:53;32;1633389039;1780327193.3805
7476;;01/06/2026;15:26:39;40;1732034091;1780327599.3827
7476;;01/06/2026;15:39:12;64;1432278099;1780328352.3884
7476;;01/06/2026;15:51:49;59;1635101711;1780329109.3963
7476;;01/06/2026;15:54:23;23;1633389039;1780329263.3968
7476;;01/06/2026;16:02:43;3;1630300037;1780329763.4005
7473;;01/06/2026;16:06:16;224;2121747510;1780329976.4052
7364;SIS INSP S;01/06/2026;16:06:59;171;996784206;1780330019.4067
7478;;01/06/2026;16:14:32;82;1432278099;1780330472.4209
6727;;01/06/2026;16:20:54;242;991636158;1780330854.4323
7478;;01/06/2026;16:21:47;85;1432278099;1780330907.4341
7367;SMD AUX. S;01/06/2026;16:35:11;44;35715600;1780331711.4570
7808;SC MANUT PAYS;01/06/2026;16:37:41;4;996026603;1780331861.4628
7808;SC MANUT PAYS;01/06/2026;16:38:13;143;996026603;1780331893.4639
7476;;01/06/2026;16:38:47;42;1732034091;1780331927.4667
7476;;01/06/2026;16:44:07;11;1432278099;1780332247.4756
7476;;01/06/2026;16:45:14;17;1732034091;1780332314.4772
7478;;01/06/2026;16:48:11;62;1432278099;1780332491.4822
7476;;01/06/2026;16:48:19;43;1633389039;1780332499.4828
7259;CGAD COORD;01/06/2026;17:00:13;315;6120232264;1780333213.4996
7476;;01/06/2026;17:16:29;23;3433199403;1780334189.5285
7478;;01/06/2026;17:21:19;83;1635101711;1780334479.5370
7881;SESO CHEFE;01/06/2026;17:40:45;67;35618684;1780335645.5711
7478;;01/06/2026;17:49:44;82;1635101711;1780336184.5856
7991;ASTIC CH;01/06/2026;17:53:46;123;2131704898;1780336426.5926
7478;;01/06/2026;18:14:22;58;1432278099;1780337662.6255
7476;;01/06/2026;18:23:49;14;1732034091;1780338229.6399
7476;;01/06/2026;18:24:31;41;1732034091;1780338271.6424
7478;;01/06/2026;18:41:26;64;1432278099;1780339286.6761
7476;;01/06/2026;18:47:43;62;3433199403;1780339663.6850
7476;;01/06/2026;18:49:54;17;1633389039;1780339794.6885
7478;;01/06/2026;18:50:41;5;1630300037;1780339841.6905
7478;;01/06/2026;18:58:50;42;1432278099;1780340330.6992
7476;;01/06/2026;19:03:18;3;1631900610;1780340598.7011
7478;;01/06/2026;19:14:04;33;1432278099;1780341244.7076
7476;;01/06/2026;19:16:02;19;1635101711;1780341362.7088
7476;;01/06/2026;19:22:54;53;3433199403;1780341774.7126
7476;;01/06/2026;19:31:34;14;1633389039;1780342294.7149
7476;;01/06/2026;19:39:50;13;3433199403;1780342790.7185
7478;;01/06/2026;19:46:33;32;1633389039;1780343193.7220
7478;;01/06/2026;20:30:25;49;1432278099;1780345825.7353
7476;;01/06/2026;23:25:21;16;1732034091;1780356321.105
7478;;01/06/2026;23:59:06;24;1633389039;1780358346.131
7478;;02/06/2026;00:48:54;13;1732034091;1780361334.140
7476;;02/06/2026;11:25:56;13;1432278099;1780399556.67
7476;;02/06/2026;11:38:56;36;1432278099;1780400336.220
7479;;02/06/2026;11:48:11;15;1732034091;1780400891.378
7149;SAC RECE FISI;02/06/2026;12:11:07;216;986016161;1780402267.749
7476;;02/06/2026;12:15:12;16;1732034091;1780402512.797
7476;;02/06/2026;12:15:58;69;1630300037;1780402558.810
7149;SAC RECE FISI;02/06/2026;12:21:32;7;55997285993;1780402892.922
7149;SAC RECE FISI;02/06/2026;12:22:34;8;55997285993;1780402954.946
7149;SAC RECE FISI;02/06/2026;12:23:54;9;55997285993;1780403034.969
7149;SAC RECE FISI;02/06/2026;12:24:52;9;55997285993;1780403092.979
7149;SAC RECE FISI;02/06/2026;12:27:49;9;55997285993;1780403269.1029
7476;;02/06/2026;12:31:02;61;3433199403;1780403462.1086
7476;;02/06/2026;12:46:57;11;1732034091;1780404417.1354
6803;SIS CH 2;02/06/2026;12:47:44;87;1122247079;1780404464.1372
7476;;02/06/2026;12:49:29;28;3433199403;1780404569.1399
7097;SPC CH;02/06/2026;12:51:09;438;6120232246;1780404669.1421
7825;SSTAE ADJ;02/06/2026;12:52:05;90;35652599;1780404725.1431
7478;;02/06/2026;13:28:30;14;1732034091;1780406910.1980
7476;;02/06/2026;13:28:56;17;1631900610;1780406936.1991
7476;;02/06/2026;13:29:34;1;3433199403;1780406974.2010
7476;;02/06/2026;13:43:30;63;1635101711;1780407810.2279
7120;EM_STS CMT;02/06/2026;13:58:37;3;2121015020;1780408717.2552
7120;EM_STS CMT;02/06/2026;13:59:16;6;2121015020;1780408756.2580
7478;;02/06/2026;13:59:30;32;1635101711;1780408770.2584
7120;EM_STS CMT;02/06/2026;13:59:54;5;2121015020;1780408794.2590
7335;;02/06/2026;14:00:22;42;1533421881;1780408822.2602
7335;;02/06/2026;14:01:23;1691;1533421881;1780408883.2622
7478;;02/06/2026;14:04:03;20;1635101711;1780409043.2665
7476;;02/06/2026;14:07:11;70;1432278099;1780409231.2722
7335;;02/06/2026;14:29:43;208;1533421881;1780410583.2932
7476;;02/06/2026;14:45:13;52;1432278099;1780411513.3064
7476;;02/06/2026;15:21:02;21;3433199403;1780413662.3211
7476;;02/06/2026;15:25:21;37;1633389039;1780413921.3242
7478;;02/06/2026;15:26:24;50;1432278099;1780413984.3250
7476;;02/06/2026;15:33:08;70;1432278099;1780414388.3293
7478;;02/06/2026;15:36:18;50;1432278099;1780414578.3307
7476;;02/06/2026;16:02:06;47;1432278099;1780416126.3421
7476;;02/06/2026;16:07:27;25;1432278099;1780416447.3462
7476;;02/06/2026;16:09:19;45;1633389039;1780416559.3473
7826;SSTAE AUX 1;02/06/2026;16:16:05;157;35631268;1780416965.3574
6532;SAPL ENC;02/06/2026;16:35:19;242;1143035688;1780418119.3857
6532;SAPL ENC;02/06/2026;16:42:18;369;1333569711;1780418538.3980
7476;;02/06/2026;16:45:17;57;1432278099;1780418717.4045
7476;;02/06/2026;16:47:35;15;3433199403;1780418855.4097
7476;;02/06/2026;16:49:34;17;1432278099;1780418974.4135
6532;SAPL ENC;02/06/2026;16:49:52;12;41984450309;1780418992.4143
6532;SAPL ENC;02/06/2026;16:50:50;14;41984450309;1780419050.4172
7175;SAVP PENS;02/06/2026;16:52:35;6;971575271;1780419155.4215
6532;SAPL ENC;02/06/2026;16:53:13;203;11971350792;1780419193.4225
7175;SAVP PENS;02/06/2026;16:53:32;9;971575271;1780419212.4232
6532;SAPL ENC;02/06/2026;16:57:52;146;5121081943;1780419472.4304
6532;SAPL ENC;02/06/2026;17:17:18;139;49984035008;1780420638.4590
7476;;02/06/2026;17:22:35;39;3433199403;1780420955.4683
7476;;02/06/2026;17:24:19;30;1732034091;1780421059.4725
7476;;02/06/2026;17:25:48;47;1633389039;1780421148.4767
6532;SAPL ENC;02/06/2026;17:26:10;135;1140841269;1780421170.4775
7476;;02/06/2026;17:27:29;66;1732034091;1780421249.4813
7476;;02/06/2026;17:41:04;10;1732034091;1780422064.5070
7476;;02/06/2026;17:41:54;10;1432278099;1780422114.5081
6727;;02/06/2026;18:42:27;184;997841417;1780425747.243
7478;;02/06/2026;19:04:35;39;1432278099;1780427075.433
7478;;02/06/2026;19:06:54;42;1635101711;1780427214.457
7476;;02/06/2026;19:08:13;21;1633389039;1780427293.468
7476;;02/06/2026;19:12:19;17;1732034091;1780427539.507
7476;;02/06/2026;19:16:08;45;3433199403;1780427768.529
7476;;02/06/2026;19:17:09;24;1633389039;1780427829.536
7476;;02/06/2026;19:19:59;20;1732034091;1780427999.567
7476;;02/06/2026;19:22:40;10;1633389039;1780428160.590
7478;;02/06/2026;19:25:51;7;1633389039;1780428351.607
7476;;02/06/2026;19:33:03;8;1732034091;1780428783.642
7478;;02/06/2026;19:47:27;38;1432278099;1780429647.686
7476;;02/06/2026;20:15:51;18;1633389039;1780431351.809
7478;;02/06/2026;20:36:03;13;1432278099;1780432563.847
7478;;02/06/2026;20:47:23;47;1432278099;1780433243.890
7476;;02/06/2026;21:03:59;27;1633389039;1780434239.960
7476;;02/06/2026;21:12:45;31;1732034091;1780434765.970
7476;;02/06/2026;22:15:56;47;1432278099;1780438556.1019
7476;;02/06/2026;22:18:24;30;3433199403;1780438704.1025
7476;;02/06/2026;22:39:22;17;1732034091;1780439962.1037
7476;;02/06/2026;23:18:10;8;3433199403;1780442290.1077
7476;;02/06/2026;23:18:42;45;3433199403;1780442322.1080
7476;;03/06/2026;01:23:54;16;1732034091;1780449834.1121
7478;;03/06/2026;10:21:24;6;1432278099;1780482084.114
7476;;03/06/2026;10:49:44;79;3433199403;1780483784.196
7476;;03/06/2026;10:55:38;14;3433199403;1780484138.212
7475;;03/06/2026;11:06:40;7;1432278099;1780484800.275
7478;;03/06/2026;11:14:59;41;1631900610;1780485299.376
7476;;03/06/2026;11:21:58;77;1635101711;1780485718.463
7476;;03/06/2026;11:26:28;39;3433199403;1780485988.537
7476;;03/06/2026;11:29:10;50;1732034091;1780486150.567
7476;;03/06/2026;11:35:48;12;1432278099;1780486548.682
7476;;03/06/2026;11:36:30;9;1432278099;1780486590.700
7476;;03/06/2026;11:36:53;51;1633389039;1780486613.707
7476;;03/06/2026;11:38:27;17;1630300037;1780486707.733
7476;;03/06/2026;11:43:39;70;1432278099;1780487019.829
7476;;03/06/2026;11:48:46;135;1432278099;1780487326.941
7476;;03/06/2026;11:53:38;19;1630300037;1780487618.1037
7367;SMD AUX. S;03/06/2026;12:18:19;82;996554074;1780489099.1476
7478;;03/06/2026;12:45:21;51;1432278099;1780490721.1999
7476;;03/06/2026;12:48:51;20;3433199403;1780490931.2044
7367;SMD AUX. S;03/06/2026;12:58:41;35;35735201;1780491521.2228
7175;SAVP PENS;03/06/2026;13:04:13;27;971575271;1780491853.2317
7175;SAVP PENS;03/06/2026;13:05:56;27;996298076;1780491956.2359
7175;SAVP PENS;03/06/2026;13:07:24;13;996298076;1780492044.2388
7478;;03/06/2026;13:08:17;56;1432278099;1780492097.2406
7476;;03/06/2026;13:21:09;27;3433199403;1780492869.12
6585;SAVP AUX 2;03/06/2026;13:22:35;17;16993910518;1780492955.42
7478;;03/06/2026;13:26:48;152;1635101711;1780493208.159
7476;;03/06/2026;13:39:12;13;3433199403;1780493952.365
6585;SAVP AUX 2;03/06/2026;13:45:05;265;2133839200;1780494305.469
7826;SSTAE AUX 1;03/06/2026;13:45:14;9;12997313008;1780494314.472
7881;SESO CHEFE;03/06/2026;13:45:40;95;35658410;1780494340.481
7826;SSTAE AUX 1;03/06/2026;13:46:26;9;12997313008;1780494386.492
7476;;03/06/2026;13:49:08;28;3433199403;1780494548.554
7476;;03/06/2026;13:53:46;36;1635101711;1780494826.633
7879;;03/06/2026;13:54:31;283;2133839200;1780494871.649
7476;;03/06/2026;13:54:49;42;1633389039;1780494889.654
7476;;03/06/2026;14:04:20;9;1633389039;1780495460.814
7476;;03/06/2026;14:09:57;14;1732034091;1780495797.897
7823;CAIS 1;03/06/2026;14:30:57;8;999542913;1780497057.1098
7823;CAIS 1;03/06/2026;14:32:08;203;35719387;1780497127.1109
7476;;03/06/2026;14:59:42;18;1732034091;1780498782.1253
7476;;03/06/2026;15:04:50;23;1432278099;1780499090.1275
7476;;03/06/2026;15:05:54;24;1633389039;1780499154.1289
7476;;03/06/2026;15:15:42;59;1633389039;1780499742.1327
7476;;03/06/2026;15:17:19;36;1633389039;1780499839.1340
7476;;03/06/2026;15:24:43;64;3433199403;1780500283.1383
7476;;03/06/2026;15:26:23;7;3433199403;1780500383.1405
7476;;03/06/2026;15:26:51;19;1732034091;1780500411.1413
7476;;03/06/2026;15:27:27;11;1432278099;1780500447.1421
7476;;03/06/2026;15:34:26;66;3433199403;1780500866.1472
7175;SAVP PENS;03/06/2026;15:38:17;2;992902332;1780501097.1486
7476;;03/06/2026;15:38:49;10;3433199403;1780501129.1494
7175;SAVP PENS;03/06/2026;15:39:12;2;992902332;1780501152.1497
7476;;03/06/2026;15:39:22;9;1732034091;1780501162.1499
7881;SESO CHEFE;03/06/2026;16:16:50;256;21996559569;1780503410.1
7476;;03/06/2026;16:36:45;41;3433199403;1780504605.340
7478;;03/06/2026;16:40:21;87;1432278099;1780504821.403
7476;;03/06/2026;16:49:33;29;1633389039;1780505373.574
7476;;03/06/2026;16:50:25;17;1732034091;1780505425.595
7476;;03/06/2026;17:22:05;2;3433199403;1780507325.1108
7476;;03/06/2026;17:44:15;60;3433199403;1780508655.1378
7175;SAVP PENS;03/06/2026;17:44:41;55;971575271;1780508681.1383
7476;;03/06/2026;17:53:08;24;3433199403;1780509188.1498
7175;SAVP PENS;03/06/2026;18:00:49;369;993504945;1780509649.1578
7478;;03/06/2026;18:06:59;63;1432278099;1780510019.1687
7478;;03/06/2026;18:11:34;23;1631900610;1780510294.1764
7478;;03/06/2026;18:12:17;113;1635101711;1780510337.1775
7478;;03/06/2026;18:16:14;21;1631900610;1780510574.1805
7476;;03/06/2026;18:32:47;37;1732034091;1780511567.1929
7826;SSTAE AUX 1;03/06/2026;18:34:53;104;1140443418;1780511693.1942
7478;;03/06/2026;18:42:55;119;1432278099;1780512175.2065
7478;;03/06/2026;18:48:54;79;1432278099;1780512534.2138
7478;;03/06/2026;18:50:34;100;1635101711;1780512634.2158
7478;;03/06/2026;18:50:54;73;1635101711;1780512654.2162
7476;;03/06/2026;18:58:25;329;1633389039;1780513105.2224
7476;;03/06/2026;19:06:58;14;1633389039;1780513618.2279
7476;;03/06/2026;19:13:57;70;1732034091;1780514037.2324
7476;;03/06/2026;19:36:10;111;3433199403;1780515370.2389
7476;;03/06/2026;19:48:12;60;1633389039;1780516092.2427
7478;;03/06/2026;19:53:28;75;1432278099;1780516408.2472
7479;;03/06/2026;19:57:02;118;6133648317;1780516622.2493
7479;;03/06/2026;20:04:26;601;2121016407;1780517066.2520
7476;;03/06/2026;20:29:10;50;3433199403;1780518550.2613
7476;;03/06/2026;20:30:38;45;1432278099;1780518638.2623
7478;;03/06/2026;20:41:44;94;1432278099;1780519304.2652
7476;;03/06/2026;20:53:32;3;1631900610;1780520012.2682
7476;;03/06/2026;21:09:49;29;1732034091;1780520989.2700
7476;;03/06/2026;21:34:54;78;3433199403;1780522494.2738
7476;;03/06/2026;21:46:37;83;1432278099;1780523197.2774
7473;;04/06/2026;00:29:39;57;4132515460;1780532979.2894
7473;;04/06/2026;00:40:48;58;4132515460;1780533648.2898
7478;;04/06/2026;00:50:56;19;1732034091;1780534256.2901
7473;;04/06/2026;00:53:24;186;4132515460;1780534404.2904
7478;;04/06/2026;01:25:45;76;1432278099;1780536345.2909
7473;;04/06/2026;06:31:33;87;11964420507;1780554693.2920
7478;;04/06/2026;10:02:09;36;1432278099;1780567329.2954
7476;;04/06/2026;10:20:50;117;3433199403;1780568450.2961
7476;;04/06/2026;11:00:08;61;1432278099;1780570808.3006
7476;;04/06/2026;11:12:26;15;1432278099;1780571546.3040
7476;;04/06/2026;11:17:39;16;1633389039;1780571859.3049
7478;;04/06/2026;11:26:17;54;1432278099;1780572377.3059
7476;;04/06/2026;11:42:20;62;3433199403;1780573340.3073
7478;;04/06/2026;11:55:47;20;1633389039;1780574147.3085
7478;;04/06/2026;12:03:39;49;1432278099;1780574619.3091
7476;;04/06/2026;12:11:13;3;1630300037;1780575073.3102
7476;;04/06/2026;12:26:47;76;3433199403;1780576007.3172
7478;;04/06/2026;12:27:15;72;1432278099;1780576035.3174
7476;;04/06/2026;12:33:57;21;3433199403;1780576437.3184
7478;;04/06/2026;12:40:23;35;1432278099;1780576823.3196
7476;;04/06/2026;12:40:48;32;1633389039;1780576848.3198
7478;;04/06/2026;12:52:06;81;1635101711;1780577526.3215
7476;;04/06/2026;12:58:26;79;1630300037;1780577906.3231
7476;;04/06/2026;12:59:11;56;3433199403;1780577951.3235
7476;;04/06/2026;13:03:47;160;1633389039;1780578227.3254
7478;;04/06/2026;13:05:30;48;1732034091;1780578330.3258
7476;;04/06/2026;13:10:51;13;1432278099;1780578651.3275
7476;;04/06/2026;13:11:50;38;3433199403;1780578710.3281
7476;;04/06/2026;13:28:51;23;1633389039;1780579731.3298
7476;;04/06/2026;14:44:27;39;1732034091;1780584267.0
7478;;04/06/2026;14:48:24;45;1432278099;1780584504.14
7476;;04/06/2026;14:48:40;20;1633389039;1780584520.16
7476;;04/06/2026;15:02:24;39;1432278099;1780585344.26
7478;;04/06/2026;15:08:38;43;1432278099;1780585718.35
7478;;04/06/2026;15:27:27;32;1432278099;1780586847.53
7476;;04/06/2026;15:44:58;49;1732034091;1780587898.76
7478;;04/06/2026;15:59:07;15;1432278099;1780588747.85
7476;;04/06/2026;16:19:25;9;1432278099;1780589965.97
7476;;04/06/2026;16:19:56;8;1732034091;1780589996.100
7476;;04/06/2026;17:11:19;34;1732034091;1780593079.130
7476;;04/06/2026;17:20:09;42;3433199403;1780593609.144
7476;;04/06/2026;17:31:19;195;1432278099;1780594279.164
7476;;04/06/2026;17:45:22;91;3433199403;1780595122.175
7478;;04/06/2026;17:52:42;29;1432278099;1780595562.187
7476;;04/06/2026;17:55:58;37;1633389039;1780595758.193
7476;;04/06/2026;17:57:49;16;1635101711;1780595869.196
7476;;04/06/2026;18:00:57;70;1633389039;1780596057.202
7476;;04/06/2026;18:13:30;24;1432278099;1780596810.215
7476;;04/06/2026;18:20:02;65;1633389039;1780597202.221
7476;;04/06/2026;18:22:12;69;1432278099;1780597332.224
7476;;04/06/2026;18:31:04;21;1633389039;1780597864.236
7476;;04/06/2026;18:34:57;27;1633389039;1780598097.245
7476;;04/06/2026;18:56:37;45;1432278099;1780599397.279
7476;;04/06/2026;18:57:41;16;1732034091;1780599461.282
7476;;04/06/2026;18:58:40;32;1432278099;1780599520.285
7478;;04/06/2026;19:05:11;102;1432278099;1780599911.291
7476;;04/06/2026;19:15:55;65;1635101711;1780600555.297
7476;;04/06/2026;19:59:49;38;1633389039;1780603189.312
7476;;04/06/2026;22:24:26;10;1732034091;1780611866.398
7478;;05/06/2026;00:43:48;19;1432278099;1780620228.579
7478;;05/06/2026;00:48:19;13;1732034091;1780620499.582
7476;;05/06/2026;09:56:22;40;3433199403;1780653382.27
7476;;05/06/2026;10:07:08;65;3433199403;1780654028.30
7476;;05/06/2026;10:19:24;39;3433199403;1780654764.38
7476;;05/06/2026;10:28:07;38;1732034091;1780655287.45
7476;;05/06/2026;10:34:16;17;1732034091;1780655656.57
7476;;05/06/2026;11:17:21;125;1432278099;1780658241.132
7476;;05/06/2026;11:24:21;60;3433199403;1780658661.138
7478;;05/06/2026;11:40:36;58;1432278099;1780659636.165
7478;;05/06/2026;13:00:12;57;1432278099;1780664412.135
7473;;05/06/2026;13:22:40;46;4132515322;1780665760.172
7476;;05/06/2026;14:21:18;43;3433199403;1780669278.322
7473;;05/06/2026;14:22:01;17;51996734777;1780669321.327
7476;;05/06/2026;14:26:19;84;3433199403;1780669579.339
7476;;05/06/2026;14:36:24;47;1633389039;1780670184.378
7476;;05/06/2026;14:56:37;54;1432278099;1780671397.415
7476;;05/06/2026;15:36:03;28;1432278099;1780673763.515
7476;;05/06/2026;16:05:20;75;1635101711;1780675520.598
7476;;05/06/2026;16:17:25;25;1633389039;1780676245.660
7476;;05/06/2026;16:50:13;75;1432278099;1780678213.715
7476;;05/06/2026;17:10:37;14;3433199403;1780679437.800
7476;;05/06/2026;17:20:08;24;3433199403;1780680008.819
7476;;05/06/2026;17:30:22;15;1732034091;1780680622.858
7478;;05/06/2026;18:08:33;47;1432278099;1780682913.958
7478;;05/06/2026;18:33:16;55;1631900610;1780684396.1064
7476;;05/06/2026;18:37:47;81;1432278099;1780684667.1071
7478;;05/06/2026;18:45:40;38;1432278099;1780685140.1081
7478;;05/06/2026;19:24:58;2;1432278099;1780687498.1147
7476;;05/06/2026;19:29:44;10;1732034091;1780687784.1156
7476;;05/06/2026;19:35:54;23;1432278099;1780688154.1160
7478;;05/06/2026;19:50:18;11;1432278099;1780689018.1178
7476;;05/06/2026;20:38:57;27;1633389039;1780691937.1239
7476;;05/06/2026;20:50:28;21;1633389039;1780692628.1251
7476;;05/06/2026;20:53:16;11;1432278099;1780692796.1254
7476;;05/06/2026;20:53:42;8;1732034091;1780692822.1259
7476;;05/06/2026;22:41:01;14;1732034091;1780699261.1403
7476;;06/06/2026;00:50:35;11;1732034091;1780707035.1475
7478;;06/06/2026;09:21:28;66;1432278099;1780737688.1493
7476;;06/06/2026;10:18:02;40;3433199403;1780741082.1511
7476;;06/06/2026;10:42:09;39;1432278099;1780742529.1551
7476;;06/06/2026;10:43:14;14;1732034091;1780742594.1554
7476;;06/06/2026;11:49:15;22;1732034091;1780746555.1646
7476;;06/06/2026;11:50:49;49;1432278099;1780746649.1655
7476;;06/06/2026;11:52:38;23;3433199403;1780746758.1659
7476;;06/06/2026;12:18:29;36;3433199403;1780748309.1716
7476;;06/06/2026;12:27:36;15;1732034091;1780748856.1734
7476;;06/06/2026;12:29:29;47;3433199403;1780748969.1744
7476;;06/06/2026;12:42:57;13;1732034091;1780749777.1783
7476;;06/06/2026;12:45:40;46;3433199403;1780749940.1787
7476;;06/06/2026;12:49:01;53;1732034091;1780750141.1791
7478;;06/06/2026;12:57:35;36;1432278099;1780750655.1801
7476;;06/06/2026;13:01:04;41;3433199403;1780750864.1812
7476;;06/06/2026;13:17:06;33;3433199403;1780751826.1825
7476;;06/06/2026;13:57:11;4;1631900610;1780754231.1866
7476;;06/06/2026;13:58:53;67;3433199403;1780754333.1872
7478;;06/06/2026;14:12:35;37;1432278099;1780755155.1881
7476;;06/06/2026;15:18:32;8;16997545734;1780759112.1951
7476;;06/06/2026;15:34:42;31;1432278099;1780760082.1979
7476;;06/06/2026;16:21:08;18;1732034091;1780762868.2058
7476;;06/06/2026;16:35:37;68;3433199403;1780763737.2073
7478;;06/06/2026;17:23:07;30;1432278099;1780766587.2107
7476;;06/06/2026;17:27:03;23;3433199403;1780766823.2113
7476;;06/06/2026;17:45:58;33;1732034091;1780767958.2116
7478;;06/06/2026;19:04:13;31;1432278099;1780772653.2159
7478;;06/06/2026;19:10:55;3;1631900610;1780773055.2162
7476;;06/06/2026;19:12:21;52;1432278099;1780773141.2165
7479;;06/06/2026;19:34:28;14;3433199403;1780774468.2208
7476;;06/06/2026;21:25:12;94;1432278099;1780781112.2287
7476;;06/06/2026;21:30:28;41;1432278099;1780781428.2291
7478;;06/06/2026;23:54:24;60;1432278099;1780790064.2379
7478;;07/06/2026;01:10:11;19;1732034091;1780794611.2408
7476;;07/06/2026;10:29:53;91;1432278099;1780828193.2484
7476;;07/06/2026;10:35:22;13;1432278099;1780828522.2493
7476;;07/06/2026;11:21:08;32;3433199403;1780831268.2531
7476;;07/06/2026;11:25:10;16;1732034091;1780831510.2534
7478;;07/06/2026;11:32:07;88;1432278099;1780831927.2552
7476;;07/06/2026;11:43:50;41;3433199403;1780832630.2555
7476;;07/06/2026;11:48:19;17;1432278099;1780832899.2561
7478;;07/06/2026;11:51:04;74;1432278099;1780833064.2569
7478;;07/06/2026;12:00:16;41;1432278099;1780833616.2582
7476;;07/06/2026;12:39:04;45;1432278099;1780835944.2619
7476;;07/06/2026;12:43:12;94;1432278099;1780836192.2626
7476;;07/06/2026;12:53:31;27;1732034091;1780836811.2638
7478;;07/06/2026;13:58:06;46;3433199403;1780840686.2679
7476;;07/06/2026;14:28:42;12;1732034091;1780842522.2710
7476;;07/06/2026;15:28:04;33;3433199403;1780846084.2781
7476;;07/06/2026;15:35:18;19;1732034091;1780846518.2794
7476;;07/06/2026;15:43:24;32;1432278099;1780847004.2797
7476;;07/06/2026;15:48:02;21;3433199403;1780847282.2809
7478;;07/06/2026;15:59:39;75;1432278099;1780847979.2824
7478;;07/06/2026;16:03:52;12;1432278099;1780848232.2827
7478;;07/06/2026;16:44:23;22;1635101711;1780850663.2851
7478;;07/06/2026;16:49:21;35;1635101711;1780850961.2854
7476;;07/06/2026;16:59:42;12;1732034091;1780851582.2860
7476;;07/06/2026;17:05:11;18;3433199403;1780851911.2863
7476;;07/06/2026;17:13:43;34;3433199403;1780852423.2872
7478;;07/06/2026;17:41:59;58;1432278099;1780854119.2887
7478;;07/06/2026;18:16:19;62;1432278099;1780856179.2924
7476;;07/06/2026;19:09:20;94;3433199403;1780859360.2954
7478;;07/06/2026;20:06:36;83;1432278099;1780862796.2974
7476;;07/06/2026;20:22:02;17;1732034091;1780863722.2986
7478;;07/06/2026;20:27:44;11;1631900610;1780864064.2989
7478;;07/06/2026;20:28:19;58;1635101711;1780864099.2991
7476;;07/06/2026;20:45:22;29;1732034091;1780865122.3004
7478;;07/06/2026;20:54:45;40;1432278099;1780865685.3013
7476;;07/06/2026;20:56:01;15;1732034091;1780865761.3016
7478;;07/06/2026;21:30:14;19;3433199403;1780867814.3024
7478;;07/06/2026;21:50:14;34;1635101711;1780869014.3032
7476;;07/06/2026;23:20:02;27;1732034091;1780874402.3061
7478;;07/06/2026;23:29:44;14;3433199403;1780874984.3064
7473;;07/06/2026;23:40:12;9;40407280;1780875612.3067
7473;;07/06/2026;23:40:54;42;1535009394;1780875654.3074
7473;;07/06/2026;23:42:26;371;2121747510;1780875746.3077
7473;;07/06/2026;23:49:06;9;16997358198;1780876146.3080
7473;;07/06/2026;23:55:06;146;48996883434;1780876506.3086
7478;;08/06/2026;01:01:22;11;1631900610;1780880482.3113
7478;;08/06/2026;01:15:32;14;1732034091;1780881332.3116
7478;;08/06/2026;10:12:12;45;1432278099;1780913532.3199
7476;;08/06/2026;10:19:46;55;1432278099;1780913986.3220
7476;;08/06/2026;10:25:33;31;1432278099;1780914333.3230
7476;;08/06/2026;10:27:23;16;1732034091;1780914443.3242
7478;;08/06/2026;10:29:48;78;1432278099;1780914588.3250
7476;;08/06/2026;10:30:17;18;3433199403;1780914617.3252
7476;;08/06/2026;10:34:38;46;3433199403;1780914878.3259
7476;;08/06/2026;10:49:21;82;3433199403;1780915761.3296
7476;;08/06/2026;10:58:04;42;1432278099;1780916284.3374
7476;;08/06/2026;11:00:25;21;1432278099;1780916425.3392
7476;;08/06/2026;11:15:17;44;3433199403;1780917317.3538
7476;;08/06/2026;11:17:54;17;1732034091;1780917474.3567
7476;;08/06/2026;11:26:11;10;1732034091;1780917971.3684
7476;;08/06/2026;11:34:05;22;1631900610;1780918445.3805
7478;;08/06/2026;11:34:21;50;1633389039;1780918461.3807
7476;;08/06/2026;11:34:45;46;1635101711;1780918485.3820
7476;;08/06/2026;11:42:57;20;3433199403;1780918977.3935
7476;;08/06/2026;11:57:30;41;3433199403;1780919850.4116
7476;;08/06/2026;11:59:36;78;1432278099;1780919976.4137
7478;;08/06/2026;12:00:30;21;1633389039;1780920030.4152
7476;;08/06/2026;13:00:23;21;3433199403;1780923623.470
7476;;08/06/2026;13:05:05;14;3433199403;1780923905.560
7991;ASTIC CH;08/06/2026;13:07:37;180;2131704898;1780924057.609
7298;SECRETARIA ALTERAÇÕES;08/06/2026;13:27:54;58;92984509669;1780925274.993
7826;SSTAE AUX 1;08/06/2026;13:32:34;117;1140443418;1780925554.1075
7476;;08/06/2026;13:49:07;38;3433199403;1780926547.1332
7476;;08/06/2026;14:02:06;147;3433199403;1780927326.1489
7040;ENC DESPENS;08/06/2026;14:44:28;16;1632341290;1780929868.1871
7476;;08/06/2026;14:51:56;46;3433199403;1780930316.1936
7476;;08/06/2026;15:26:04;17;1633389039;1780932364.2105
7476;;08/06/2026;16:17:10;18;1633389039;1780935430.2486
7476;;08/06/2026;16:20:02;19;1633389039;1780935602.2542
7476;;08/06/2026;16:20:46;15;1432278099;1780935646.2556
7476;;08/06/2026;16:21:37;49;1732034091;1780935697.2569
7476;;08/06/2026;16:24:41;23;1633389039;1780935881.2608
7476;;08/06/2026;16:25:41;9;1732034091;1780935941.2631
7476;;08/06/2026;16:26:46;11;1432278099;1780936006.2653
7499;Suprimento;08/06/2026;16:47:31;1215;1122247050;1780937251.3010
7476;;08/06/2026;16:52:54;0;1432278099;1780937574.3073
7476;;08/06/2026;16:55:46;39;1432278099;1780937746.3119
7476;;08/06/2026;16:56:49;27;1633389039;1780937809.3143
7499;Suprimento;08/06/2026;17:09:07;1214;1122247050;1780938547.3308
7298;SECRETARIA ALTERAÇÕES;08/06/2026;17:21:58;5;19998671241;1780939318.3507
7476;;08/06/2026;17:23:01;65;3433199403;1780939381.3537
7499;Suprimento;08/06/2026;17:52:30;1212;1122247050;1780941150.3920
7476;;08/06/2026;17:54:07;40;1732034091;1780941247.3937
7476;;08/06/2026;18:03:51;1;3433199403;1780941831.4045
7476;;08/06/2026;18:15:58;14;3433199403;1780942558.4229
7478;;08/06/2026;18:21:13;31;1631900610;1780942873.4308
7476;;08/06/2026;18:21:27;96;3433199403;1780942887.4312
7476;;08/06/2026;18:23:43;33;1732034091;1780943023.4347
7478;;08/06/2026;18:30:58;53;1635101711;1780943458.4420
7478;;08/06/2026;18:32:11;34;1631900610;1780943531.4432
7476;;08/06/2026;18:37:11;4;1630300037;1780943831.4512
7476;;08/06/2026;18:38:31;48;1630300037;1780943911.4529
7476;;08/06/2026;18:39:17;22;1633389039;1780943957.4533
7478;;08/06/2026;18:39:52;93;1635101711;1780943992.4544
7476;;08/06/2026;18:40:01;12;1732034091;1780944001.4548
6548;ADJ PESSOAL;08/06/2026;18:48:06;117;62986069353;1780944486.4713
6548;ADJ PESSOAL;08/06/2026;18:51:55;43;11989669118;1780944715.4777
6548;ADJ PESSOAL;08/06/2026;18:53:08;46;11989669899;1780944788.4788
7499;Suprimento;08/06/2026;18:53:09;17;1122247050;1780944789.4790
6548;ADJ PESSOAL;08/06/2026;18:54:09;77;11989669118;1780944849.4800
6548;ADJ PESSOAL;08/06/2026;18:56:25;9;11989669118;1780944985.4818
7476;;08/06/2026;19:16:17;110;1432278099;1780946177.4931
7476;;08/06/2026;19:28:46;19;1633389039;1780946926.4970
7476;;08/06/2026;19:31:49;28;3433199403;1780947109.4977
7478;;08/06/2026;19:37:32;64;1432278099;1780947452.4991
7476;;08/06/2026;20:05:14;24;1633389039;1780949114.5029
7476;;08/06/2026;20:54:58;32;1732034091;1780952098.5128
7476;;08/06/2026;20:56:20;41;3433199403;1780952180.5132
7476;;08/06/2026;21:14:55;74;3433199403;1780953295.5151
7478;;08/06/2026;21:18:52;2;1631900610;1780953532.5162
7476;;08/06/2026;21:23:56;15;1732034091;1780953836.5171
7476;;08/06/2026;21:35:55;79;3433199403;1780954555.5200
7476;;08/06/2026;21:38:24;48;3433199403;1780954704.5206
7478;;08/06/2026;21:40:52;31;3433199403;1780954852.5215
7476;;09/06/2026;10:00:08;50;3433199403;1780999208.72
7476;;09/06/2026;10:35:58;19;1732034091;1781001358.110
7476;;09/06/2026;10:46:43;48;3433199403;1781002003.129
7476;;09/06/2026;11:18:55;77;1732034091;1781003935.279
7476;;09/06/2026;11:23:15;191;3433199403;1781004195.321
7499;Suprimento;09/06/2026;11:27:17;1212;1122247050;1781004437.375
7476;;09/06/2026;11:33:46;18;1633389039;1781004826.438
7476;;09/06/2026;11:45:21;2;1630300037;1781005521.535
7476;;09/06/2026;11:45:41;66;1631900610;1781005541.541
7476;;09/06/2026;11:50:28;49;1633389039;1781005828.581
7478;;09/06/2026;12:50:18;45;1432278099;1781009418.469
7476;;09/06/2026;12:58:36;31;3433199403;1781009916.603
7476;;09/06/2026;13:07:20;47;1432278099;1781010440.766
7478;;09/06/2026;13:12:28;22;1432278099;1781010748.847
7389;SAU PAYS;09/06/2026;13:17:12;101;35612056;1781011032.950
7478;;09/06/2026;13:19:36;28;1432278099;1781011176.1003
7389;SAU PAYS;09/06/2026;13:22:39;93;999987465;1781011359.1064
7476;;09/06/2026;13:32:55;38;1432278099;1781011975.1230
7367;SMD AUX. S;09/06/2026;13:40:32;122;35545550;1781012432.1382
7478;;09/06/2026;13:58:36;135;1432278099;1781013516.1785
7476;;09/06/2026;14:09:26;40;1732034091;1781014166.1942
6548;ADJ PESSOAL;09/06/2026;14:11:36;9;62986069353;1781014296.1981
6548;ADJ PESSOAL;09/06/2026;14:12:37;40;62986069353;1781014357.1994
7476;;09/06/2026;14:23:31;12;1732034091;1781015011.2182
7476;;09/06/2026;14:24:26;31;3433199403;1781015066.2195
7476;;09/06/2026;14:29:13;25;1630300037;1781015353.2248
7476;;09/06/2026;14:31:50;28;1630300037;1781015510.2275
7478;;09/06/2026;14:42:24;148;1432278099;1781016144.2438
7367;SMD AUX. S;09/06/2026;14:43:37;14;992355965;1781016217.2451
7367;SMD AUX. S;09/06/2026;14:44:48;11;992355965;1781016288.2459
7476;;09/06/2026;14:48:30;63;1432278099;1781016510.2488
7478;;09/06/2026;15:01:32;54;1432278099;1781017292.2596
7478;;09/06/2026;15:10:59;59;1432278099;1781017859.2614
7476;;09/06/2026;15:14:42;50;1633389039;1781018082.2623
7476;;09/06/2026;15:39:13;101;1633389039;1781019553.2685
7478;;09/06/2026;15:46:11;50;1432278099;1781019971.2705
7476;;09/06/2026;15:50:04;17;1732034091;1781020204.2736
7476;;09/06/2026;15:56:47;25;1432278099;1781020607.2770
7478;;09/06/2026;16:00:58;58;1432278099;1781020858.2805
7476;;09/06/2026;16:01:07;64;1633389039;1781020867.2807
7476;;09/06/2026;16:11:08;16;1732034091;1781021468.2935
7476;;09/06/2026;16:32:09;89;1633389039;1781022729.3251
7479;;09/06/2026;16:43:21;32;997607445;1781023401.3425
7479;;09/06/2026;16:43:45;52;997607445;1781023425.3430
7476;;09/06/2026;17:05:43;20;1732034091;1781024743.3829
7476;;09/06/2026;17:09:57;54;1432278099;1781024997.3893
7476;;09/06/2026;17:18:49;10;1432278099;1781025529.4124
7478;;09/06/2026;17:23:40;18;1635101711;1781025820.4212
7476;;09/06/2026;17:37:27;14;1732034091;1781026647.4454
7476;;09/06/2026;17:42:37;14;1732034091;1781026957.4534
7476;;09/06/2026;17:47:36;16;1432278099;1781027256.4612
7499;Suprimento;09/06/2026;17:48:41;1221;1122247050;1781027321.4631
7476;;09/06/2026;18:03:12;51;1732034091;1781028192.4866
7478;;09/06/2026;18:03:33;37;1432278099;1781028213.4871
7478;;09/06/2026;18:05:15;51;1432278099;1781028315.4909
7476;;09/06/2026;18:09:11;13;1432278099;1781028551.4968
7476;;09/06/2026;18:25:38;23;1630300037;1781029538.5226
7476;;09/06/2026;18:30:04;18;1732034091;1781029804.5314
7291;SECRETARIA ENC;09/06/2026;18:35:27;6;37999362770;1781030127.5403
7476;;09/06/2026;18:42:34;68;3433199403;1781030554.5510
7298;SECRETARIA ALTERAÇÕES;09/06/2026;18:43:54;21;92984509669;1781030634.5522
7298;SECRETARIA ALTERAÇÕES;09/06/2026;18:45:45;12;92984509669;1781030745.5551
7476;;09/06/2026;18:49:31;23;1630300037;1781030971.5606
7476;;09/06/2026;18:51:38;74;3433199403;1781031098.5621
7478;;09/06/2026;19:01:34;24;1432278099;1781031694.5701
7476;;09/06/2026;19:06:20;50;1732034091;1781031980.5727
7401;DIRETOR FAYS;09/06/2026;19:11:03;133;6139621414;1781032263.5750
7478;;09/06/2026;19:21:20;86;1432278099;1781032880.5779
7478;;09/06/2026;19:25:21;13;1633389039;1781033121.5788
7476;;09/06/2026;19:42:55;39;1635101711;1781034175.5869
7476;;09/06/2026;19:44:55;20;3433199403;1781034295.5877
7476;;09/06/2026;19:49:45;20;1635101711;1781034585.5905
7476;;09/06/2026;19:51:06;11;1633389039;1781034666.5910
7476;;09/06/2026;19:51:36;8;1432278099;1781034696.5913
7476;;09/06/2026;19:52:24;8;1732034091;1781034744.5920
7478;;09/06/2026;19:53:25;33;1633389039;1781034805.5931
7478;;09/06/2026;19:56:01;25;1432278099;1781034961.5938
7476;;09/06/2026;20:02:35;16;1633389039;1781035355.5960
7476;;09/06/2026;21:02:12;49;1432278099;1781038932.6130
7476;;09/06/2026;21:12:20;15;1732034091;1781039540.6139
7478;;09/06/2026;21:29:26;102;1432278099;1781040566.6152
7476;;09/06/2026;21:31:46;15;1732034091;1781040706.6158
7476;;09/06/2026;21:35:39;60;3433199403;1781040939.6162
7476;;09/06/2026;21:53:55;16;1432278099;1781042035.6179
7476;;09/06/2026;21:56:23;47;1432278099;1781042183.6186
7478;;09/06/2026;22:33:59;27;1732034091;1781044439.6230
7476;;10/06/2026;00:41:55;14;1732034091;1781052115.23
7476;;10/06/2026;01:21:55;19;1732034091;1781054515.29
7476;;10/06/2026;10:59:55;27;1432278099;1781089195.27
7476;;10/06/2026;11:12:23;35;1732034091;1781089943.147
7476;;10/06/2026;11:23:12;17;1732034091;1781090592.223
7476;;10/06/2026;11:28:47;34;1633389039;1781090927.317
7476;;10/06/2026;11:37:02;82;3433199403;1781091422.420
7476;;10/06/2026;11:42:48;67;1432278099;1781091768.542
7476;;10/06/2026;11:49:02;24;1732034091;1781092142.617
7476;;10/06/2026;11:49:46;35;1432278099;1781092186.626
7476;;10/06/2026;11:50:44;57;1732034091;1781092244.650
7149;SAC RECE FISI;10/06/2026;12:07:34;214;971021668;1781093254.864
7476;;10/06/2026;12:09:54;19;1732034091;1781093394.898
7881;SESO CHEFE;10/06/2026;12:18:23;7;35821076;1781093903.1027
7478;;10/06/2026;12:20:15;46;1631900610;1781094015.1078
7476;;10/06/2026;12:25:20;83;1633389039;1781094320.1128
7499;Suprimento;10/06/2026;12:38:52;1226;1122247050;1781095132.1349
7476;;10/06/2026;12:53:22;123;3433199403;1781096002.1591
7476;;10/06/2026;13:05:05;20;1732034091;1781096705.1769
7478;;10/06/2026;13:08:51;21;1635101711;1781096931.1834
7476;;10/06/2026;13:17:11;20;1633389039;1781097431.1988
7478;;10/06/2026;13:21:34;29;1635101711;1781097694.2056
7478;;10/06/2026;13:30:52;66;1432278099;1781098252.2196
7478;;10/06/2026;13:38:08;18;1432278099;1781098688.2290
7476;;10/06/2026;13:43:35;25;3433199403;1781099015.2438
7776;ODONT ALMOX;10/06/2026;13:47:16;226;1639195375;1781099236.2487
7367;SMD AUX. S;10/06/2026;13:49:57;26;35653040;1781099397.2522
7367;SMD AUX. S;10/06/2026;13:51:09;209;35613331;1781099469.2550
7476;;10/06/2026;13:52:55;54;1732034091;1781099575.2587
7478;;10/06/2026;13:58:12;101;1432278099;1781099892.2655
7476;;10/06/2026;14:02:08;92;1633389039;1781100128.2687
7476;;10/06/2026;14:04:10;46;1432278099;1781100250.2701
7476;;10/06/2026;14:06:38;50;1633389039;1781100398.2731
7476;;10/06/2026;14:08:30;62;3433199403;1781100510.2755
7476;;10/06/2026;14:13:34;12;1732034091;1781100814.2802
7476;;10/06/2026;14:18:54;32;3433199403;1781101134.2881
7478;;10/06/2026;14:30:48;65;1635101711;1781101848.2988
7478;;10/06/2026;14:34:44;48;1635101711;1781102084.3019
7478;;10/06/2026;14:38:14;48;1432278099;1781102294.3038
7478;;10/06/2026;14:44:05;47;1432278099;1781102645.3053
7476;;10/06/2026;14:46:59;23;1631900610;1781102819.3064
7476;;10/06/2026;14:47:59;0;3433199403;1781102879.3075
7476;;10/06/2026;14:50:11;59;3433199403;1781103011.3094
7476;;10/06/2026;14:56:17;24;1732034091;1781103377.3128
7476;;10/06/2026;15:01:07;18;1732034091;1781103667.3178
7478;;10/06/2026;15:09:51;1;1432278099;1781104191.3249
7478;;10/06/2026;15:12:45;120;1432278099;1781104365.3254
7476;;10/06/2026;15:38:59;26;3433199403;1781105939.3377
7476;;10/06/2026;15:43:26;26;1732034091;1781106206.3400
7478;;10/06/2026;15:55:11;21;1633389039;1781106911.3444
7478;;10/06/2026;16:06:35;95;1432278099;1781107595.3509
7476;;10/06/2026;16:28:28;75;3433199403;1781108908.3770
7499;Suprimento;10/06/2026;16:33:28;1218;1122247050;1781109208.3856
7476;;10/06/2026;16:35:00;17;3433199403;1781109300.3880
7476;;10/06/2026;16:36:00;23;1732034091;1781109360.3910
7478;;10/06/2026;16:36:58;79;1432278099;1781109418.3925
7476;;10/06/2026;16:37:52;14;1732034091;1781109472.3933
7476;;10/06/2026;16:44:42;84;3433199403;1781109882.4005
6688;SPP AUX;10/06/2026;17:02:53;5;35891290;1781110973.4259
7117;CH ADM PAYS;10/06/2026;17:15:40;600;1931158000;1781111740.4437
7476;;10/06/2026;17:38:18;17;1732034091;1781113098.4753
7478;;10/06/2026;17:43:11;66;1633389039;1781113391.4825
7476;;10/06/2026;17:43:41;9;1732034091;1781113421.4829
7808;SC MANUT PAYS;10/06/2026;17:54:41;9;999200835;1781114081.4958
7476;;10/06/2026;17:59:46;28;3433199403;1781114386.5002
7476;;10/06/2026;18:06:48;13;1732034091;1781114808.5138
7478;;10/06/2026;18:08:44;67;1432278099;1781114924.5179
7476;;10/06/2026;18:17:15;42;1633389039;1781115435.5265
7478;;10/06/2026;18:17:27;11;1635101711;1781115447.5272
7478;;10/06/2026;18:17:57;39;1631900610;1781115477.5282
7476;;10/06/2026;18:18:19;107;1432278099;1781115499.5288
7476;;10/06/2026;18:20:28;73;1732034091;1781115628.5345
7478;;10/06/2026;18:24:12;20;1631900610;1781115852.5404
7476;;10/06/2026;18:25:12;33;1432278099;1781115912.5431
7117;CH ADM PAYS;10/06/2026;18:27:45;375;1939368870;1781116065.5470
7478;;10/06/2026;18:27:55;90;1432278099;1781116075.5473
7117;CH ADM PAYS;10/06/2026;18:34:23;7;19993514191;1781116463.5593
7117;CH ADM PAYS;10/06/2026;18:36:33;176;11930602957;1781116593.5626
7478;;10/06/2026;18:53:29;105;1432278099;1781117609.5776
7478;;10/06/2026;18:58:29;61;1635101711;1781117909.5822
7476;;10/06/2026;19:04:31;32;1633389039;1781118271.5849
7476;;10/06/2026;19:11:25;22;1432278099;1781118685.5890
7476;;10/06/2026;19:12:10;89;1432278099;1781118730.5895
7476;;10/06/2026;19:23:42;134;1432278099;1781119422.5924
7479;;10/06/2026;19:26:01;36;16997545734;1781119561.5945
7478;;10/06/2026;19:26:12;38;1432278099;1781119572.5948
7476;;10/06/2026;19:28:07;27;1732034091;1781119687.5963
7476;;10/06/2026;19:31:59;81;1635101711;1781119919.5979
7476;;10/06/2026;19:41:07;35;3433199403;1781120467.6005
7476;;10/06/2026;19:47:59;41;3433199403;1781120879.6009
7476;;10/06/2026;19:58:19;9;3433199403;1781121499.6043
7476;;10/06/2026;20:09:49;42;1633389039;1781122189.6062
7476;;10/06/2026;20:10:45;20;1635101711;1781122245.6068
7476;;10/06/2026;20:27:38;27;1732034091;1781123258.6124
7476;;10/06/2026;20:28:59;64;1432278099;1781123339.6127
7478;;10/06/2026;20:29:52;50;1635101711;1781123392.6131
7478;;10/06/2026;21:31:11;13;1432278099;1781127071.12
7476;;10/06/2026;21:43:27;3;1631900610;1781127807.34
7476;;10/06/2026;22:01:13;63;1732034091;1781128873.59
7478;;11/06/2026;01:13:23;15;1732034091;1781140403.157
7476;;11/06/2026;08:59:06;14;1432278099;1781168346.0
7476;;11/06/2026;09:01:08;15;1732034091;1781168468.3
7476;;11/06/2026;09:03:21;4;3433199403;1781168601.6
7478;;11/06/2026;10:09:33;46;1432278099;1781172573.57
7478;;11/06/2026;10:18:52;9;1432278099;1781173132.65
7476;;11/06/2026;10:19:07;28;1732034091;1781173147.67
7478;;11/06/2026;11:16:08;57;1432278099;1781176568.568
7476;;11/06/2026;11:16:30;29;3433199403;1781176590.570
7476;;11/06/2026;11:21:23;27;3433199403;1781176883.856
7476;;11/06/2026;11:32:57;45;1732034091;1781177577.950
7478;;11/06/2026;11:34:40;29;1633389039;1781177680.976
7476;;11/06/2026;12:08:33;41;1732034091;1781179713.2307
7476;;11/06/2026;12:25:28;52;1635101711;1781180728.2526
7476;;11/06/2026;12:26:57;27;1631900610;1781180817.2563
7881;SESO CHEFE;11/06/2026;12:52:06;382;2133611425;1781182326.2878
7040;ENC DESPENS;11/06/2026;12:52:54;2;16982012117;1781182374.2891
7040;ENC DESPENS;11/06/2026;12:53:50;148;16982012117;1781182430.2903
7476;;11/06/2026;12:59:55;41;3433199403;1781182795.3083
7476;;11/06/2026;13:09:08;56;1432278099;1781183348.3226
7478;;11/06/2026;13:10:16;94;1432278099;1781183416.3264
7476;;11/06/2026;13:14:06;47;1432278099;1781183646.3341
7478;;11/06/2026;13:56:48;21;3433199403;1781186208.4003
7478;;11/06/2026;14:02:15;77;3433199403;1781186535.4056
7478;;11/06/2026;14:28:44;38;1635101711;1781188124.4566
7478;;11/06/2026;14:30:07;75;1631900610;1781188207.4580
7473;;11/06/2026;14:58:14;107;2121747510;1781189894.4932
7476;;11/06/2026;15:01:25;43;1633389039;1781190085.4940
7476;;11/06/2026;15:02:40;14;3433199403;1781190160.4947
7476;;11/06/2026;15:08:28;66;1432278099;1781190508.4971
7479;;11/06/2026;15:19:35;48;1732034091;1781191175.5025
7040;ENC DESPENS;11/06/2026;15:53:46;6;19996325672;1781193226.6327
7040;ENC DESPENS;11/06/2026;15:54:26;9;996325672;1781193266.6332
7040;ENC DESPENS;11/06/2026;15:55:21;13;996325672;1781193321.6339
7478;;11/06/2026;16:09:27;24;1633389039;1781194167.6576
7478;;11/06/2026;16:36:27;44;1633389039;1781195787.7775
7476;;11/06/2026;16:58:11;52;1432278099;1781197091.8121
7476;;11/06/2026;17:07:55;89;3433199403;1781197675.8266
7879;;11/06/2026;17:18:19;16;11983839583;1781198299.8651
7879;;11/06/2026;17:19:37;80;11983839583;1781198377.8668
7879;;11/06/2026;17:24:48;10;19998925626;1781198688.8759
7866;SAVP CH;11/06/2026;18:08:09;299;2133839200;1781201289.10787
7298;SECRETARIA ALTERAÇÕES;11/06/2026;18:13:11;31;61999812225;1781201591.10841
7866;SAVP CH;11/06/2026;18:19:10;72;2133839200;1781201950.10924
7478;;11/06/2026;18:26:18;66;1432278099;1781202378.11016
7866;SAVP CH;11/06/2026;18:26:24;67;2133839200;1781202384.11019
7866;SAVP CH;11/06/2026;18:27:50;52;2133839200;1781202470.11035
7866;SAVP CH;11/06/2026;18:33:22;68;2133839200;1781202802.11308
7866;SAVP CH;11/06/2026;18:35:34;50;2133839200;1781202934.11643
7866;SAVP CH;11/06/2026;18:37:06;219;2133839200;1781203026.11887
7478;;11/06/2026;18:47:11;30;1631900610;1781203631.12409
7478;;11/06/2026;19:59:55;11;1432278099;1781207995.207
7476;;11/06/2026;20:30:17;43;1432278099;1781209817.608
7476;;11/06/2026;20:35:06;39;1732034091;1781210106.615
7478;;11/06/2026;20:39:14;28;1432278099;1781210354.625
7476;;11/06/2026;20:51:10;8;1732034091;1781211070.740
7478;;11/06/2026;22:01:21;11;1633389039;1781215281.831
7476;;12/06/2026;01:08:37;20;1732034091;1781226517.898
7476;;12/06/2026;10:59:48;17;1732034091;1781261988.268
7476;;12/06/2026;11:07:17;15;1732034091;1781262437.319
7040;ENC DESPENS;12/06/2026;11:36:55;6;996325672;1781264215.669
7040;ENC DESPENS;12/06/2026;11:37:41;9;996325672;1781264261.686
7367;SMD AUX. S;12/06/2026;11:55:10;344;35630069;1781265310.961
7364;SIS INSP S;12/06/2026;12:05:26;2;996803683;1781265926.1088
7367;SMD AUX. S;12/06/2026;12:09:22;442;35613203;1781266162.1126
7476;;12/06/2026;12:09:56;116;1432278099;1781266196.1141
7476;;12/06/2026;12:12:08;8;1732034091;1781266328.1172
7478;;12/06/2026;12:15:06;73;1635101711;1781266506.1195
7476;;12/06/2026;12:16:38;24;1432278099;1781266598.1207
7478;;12/06/2026;12:21:55;17;1633389039;1781266915.1266
7476;;12/06/2026;12:22:27;14;1732034091;1781266947.1274
7476;;12/06/2026;12:29:28;77;1432278099;1781267368.1411
7478;;12/06/2026;12:31:25;41;1432278099;1781267485.1460
7472;;12/06/2026;12:32:17;146;2121747303;1781267537.1484
7476;;12/06/2026;12:34:30;55;1633389039;1781267670.1545
7285;CCAE CMD ENC;12/06/2026;12:47:37;292;6120232246;1781268457.1785
7476;;12/06/2026;12:54:57;41;3433199403;1781268897.1931
7476;;12/06/2026;12:57:44;53;3433199403;1781269064.1989
7335;;12/06/2026;13:03:58;8;2133839200;1781269438.2159
7335;;12/06/2026;13:04:36;64;2133839200;1781269476.2165
7259;CGAD COORD;12/06/2026;13:25:46;9;1935431400;1781270746.2538
7478;;12/06/2026;13:39:23;25;1633389039;1781271563.2804
7476;;12/06/2026;13:41:27;29;1633389039;1781271687.2830
7389;SAU PAYS;12/06/2026;13:47:27;7;84999901804;1781272047.2941
7476;;12/06/2026;13:57:13;21;1630300037;1781272633.3122
7151;CMT GSAU;12/06/2026;14:04:47;523;35628818;1781273087.3225
7476;;12/06/2026;14:20:41;8;1633389039;1781274041.3465
7476;;12/06/2026;14:21:11;13;1732034091;1781274071.3472
7040;ENC DESPENS;12/06/2026;14:26:08;9;996325672;1781274368.3555
7476;;12/06/2026;14:26:53;63;1432278099;1781274413.3562
7364;SIS INSP S;12/06/2026;14:38:50;2;996803683;1781275130.3660
7476;;12/06/2026;14:46:32;41;1732034091;1781275592.3724
7476;;12/06/2026;15:01:41;30;1732034091;1781276501.3853
7476;;12/06/2026;15:51:16;58;1732034091;1781279476.4015
7476;;12/06/2026;15:56:58;11;1732034091;1781279818.4032
7476;;12/06/2026;16:00:59;37;3433199403;1781280059.4041
7476;;12/06/2026;16:25:52;17;1732034091;1781281552.4142
7478;;12/06/2026;16:38:51;38;1432278099;1781282331.4223
7478;;12/06/2026;16:42:48;17;1432278099;1781282568.4237
7478;;12/06/2026;18:28:56;16;1631900610;1781288936.21
7478;;12/06/2026;18:32:29;31;1635101711;1781289149.33
7476;;12/06/2026;18:39:16;68;3433199403;1781289556.56
7476;;12/06/2026;18:49:33;75;1432278099;1781290173.92
7476;;12/06/2026;18:52:14;19;1732034091;1781290334.96
7476;;12/06/2026;19:50:36;27;1732034091;1781293836.263
7476;;12/06/2026;19:51:23;95;3433199403;1781293883.269
7476;;12/06/2026;20:02:43;36;3433199403;1781294563.278
7476;;12/06/2026;20:23:17;84;3433199403;1781295797.307
7478;;12/06/2026;20:54:50;58;1432278099;1781297690.431
7476;;12/06/2026;21:08:53;19;1732034091;1781298533.438
7478;;12/06/2026;21:09:18;26;1432278099;1781298558.440
7476;;12/06/2026;21:46:41;26;1732034091;1781300801.468
7476;;12/06/2026;22:07:49;50;3433199403;1781302069.498
7473;;12/06/2026;23:18:00;200;2121747510;1781306280.572
7473;;12/06/2026;23:24:28;259;2121747500;1781306668.586
7476;;12/06/2026;23:39:11;31;3433199403;1781307551.627
7478;;13/06/2026;01:27:48;33;1732034091;1781314068.681
7476;;13/06/2026;11:29:30;15;1732034091;1781350170.139
7478;;13/06/2026;11:43:26;67;1432278099;1781351006.163
7478;;13/06/2026;12:21:01;2;1631900610;1781353261.267
7476;;13/06/2026;12:54:34;15;1732034091;1781355274.352
7478;;13/06/2026;13:47:21;43;1432278099;1781358441.424
7478;;13/06/2026;15:14:02;51;1432278099;1781363642.587
7478;;13/06/2026;15:58:34;224;1432278099;1781366314.676
7478;;13/06/2026;16:08:22;18;1432278099;1781366902.684
7476;;13/06/2026;16:09:12;25;1732034091;1781366952.687
7478;;13/06/2026;16:12:07;19;1432278099;1781367127.692
7476;;13/06/2026;16:17:45;41;3433199403;1781367465.704
7478;;13/06/2026;16:45:08;47;1432278099;1781369108.723
7478;;13/06/2026;16:48:59;11;1432278099;1781369339.729
7476;;13/06/2026;17:41:35;17;1732034091;1781372495.789
7476;;13/06/2026;17:47:01;63;1432278099;1781372821.796
7478;;13/06/2026;18:05:48;37;1630300037;1781373948.804
7478;;13/06/2026;18:07:18;57;1432278099;1781374038.810
7476;;13/06/2026;18:18:16;11;1732034091;1781374696.815
7478;;13/06/2026;18:39:55;66;1432278099;1781375995.829
7478;;13/06/2026;18:52:25;60;1635101711;1781376745.835
7476;;13/06/2026;22:33:04;12;1732034091;1781389984.962
7473;;14/06/2026;01:05:42;63;4132515366;1781399142.1007
7476;;14/06/2026;11:02:19;33;1432278099;1781434939.1054
7476;;14/06/2026;11:28:53;11;1732034091;1781436533.1066
7476;;14/06/2026;13:01:18;14;1732034091;1781442078.1138
7476;;14/06/2026;13:07:21;26;1432278099;1781442441.1144
7476;;14/06/2026;14:03:52;15;1732034091;1781445832.1178
7476;;14/06/2026;14:09:57;19;1732034091;1781446197.1190
7478;;14/06/2026;14:32:28;42;1432278099;1781447548.1222
7478;;14/06/2026;14:53:07;25;1432278099;1781448787.1248
7478;;14/06/2026;15:49:58;64;1432278099;1781452198.1285
7476;;14/06/2026;16:17:12;236;3433199403;1781453832.1316
7478;;14/06/2026;16:27:16;41;1635101711;1781454436.1324
7476;;14/06/2026;16:27:33;26;1732034091;1781454453.1326
7478;;14/06/2026;16:28:23;87;1635101711;1781454503.1334
7478;;14/06/2026;16:43:34;51;1635101711;1781455414.1345
7478;;14/06/2026;16:51:58;3;1635101711;1781455918.1367
7478;;14/06/2026;16:52:46;4;1635101711;1781455966.1370
7478;;14/06/2026;16:53:07;3;1635101711;1781455987.1373
7478;;14/06/2026;16:59:17;37;1635101711;1781456357.1383
7476;;14/06/2026;17:22:38;28;3433199403;1781457758.1396
7476;;14/06/2026;17:37:00;12;1732034091;1781458620.1410
7476;;14/06/2026;17:55:24;25;3433199403;1781459724.1440
7478;;14/06/2026;17:55:33;19;1732034091;1781459733.1442
7478;;14/06/2026;17:58:02;23;1432278099;1781459882.1448
7476;;14/06/2026;18:16:28;13;1732034091;1781460988.1471
7476;;14/06/2026;19:37:04;43;1432278099;1781465824.1507
7476;;14/06/2026;20:08:35;12;1633389039;1781467715.1560
7476;;14/06/2026;20:27:45;28;1633389039;1781468865.1574
7476;;14/06/2026;20:40:30;21;1633389039;1781469630.1581
7476;;14/06/2026;20:41:35;15;3433199403;1781469695.1586
7476;;14/06/2026;21:00:09;42;1732034091;1781470809.1601
7476;;14/06/2026;21:17:26;18;1732034091;1781471846.1625
7476;;14/06/2026;23:03:19;13;1732034091;1781478199.1659
7476;;14/06/2026;23:18:01;15;1732034091;1781479081.1672
7478;;14/06/2026;23:20:28;27;1432278099;1781479228.1678
7478;;15/06/2026;01:07:50;15;1732034091;1781485670.1704
7476;;15/06/2026;09:52:46;81;3433199403;1781517166.1815
7476;;15/06/2026;10:26:02;0;1432278099;1781519162.1841
7476;;15/06/2026;10:27:12;19;1432278099;1781519232.1845
7476;;15/06/2026;10:37:01;16;1732034091;1781519821.1889
7476;;15/06/2026;11:24:57;108;1732034091;1781522697.2090
6688;SPP AUX;15/06/2026;11:35:54;494;1935814236;1781523354.2205
7476;;15/06/2026;11:42:06;40;1732034091;1781523726.2311
6688;SPP AUX;15/06/2026;12:10:48;205;1935814236;1781525448.2757
7476;;15/06/2026;12:12:05;47;3433199403;1781525525.2789
7476;;15/06/2026;13:29:46;37;1633389039;1781530186.608
7476;;15/06/2026;13:34:30;18;1732034091;1781530470.692
7917;SAVP CIV;15/06/2026;13:50:32;243;11992082483;1781531432.981
7478;;15/06/2026;13:52:20;23;1432278099;1781531540.1009
7478;;15/06/2026;14:03:57;94;1432278099;1781532237.1141
7476;;15/06/2026;14:06:52;14;1732034091;1781532412.1172
7991;ASTIC CH;15/06/2026;14:08:33;61;2131704898;1781532513.1191
7478;;15/06/2026;14:36:34;27;1432278099;1781534194.1535
7476;;15/06/2026;14:40:06;23;3433199403;1781534406.1585
7476;;15/06/2026;14:40:58;19;1732034091;1781534458.1596
7478;;15/06/2026;14:46:07;36;1432278099;1781534767.1633
7476;;15/06/2026;14:47:59;22;1432278099;1781534879.1653
7476;;15/06/2026;15:04:29;14;1732034091;1781535869.1707
7476;;15/06/2026;15:33:38;19;3433199403;1781537618.1823
7478;;15/06/2026;16:00:56;55;1432278099;1781539256.1965
7478;;15/06/2026;16:14:20;0;1432278099;1781540060.2091
7476;;15/06/2026;16:14:40;14;3433199403;1781540080.2098
7478;;15/06/2026;16:37:23;63;1635101711;1781541443.2375
7478;;15/06/2026;16:55:51;48;1432278099;1781542551.2670
7826;SSTAE AUX 1;15/06/2026;16:57:23;490;1130616000;1781542643.2695
7478;;15/06/2026;17:00:22;30;1635101711;1781542822.2735
7478;;15/06/2026;17:05:59;42;1635101711;1781543159.2840
6548;ADJ PESSOAL;15/06/2026;17:59:24;6;11989669118;1781546364.3837
6548;ADJ PESSOAL;15/06/2026;18:00:14;43;11989669899;1781546414.3854
6548;ADJ PESSOAL;15/06/2026;18:01:15;36;11989669118;1781546475.3870
7478;;15/06/2026;18:05:40;36;1432278099;1781546740.3975
7478;;15/06/2026;18:12:28;56;1631900610;1781547148.4086
7476;;15/06/2026;18:14:14;48;3433199403;1781547254.4123
7476;;15/06/2026;18:15:32;9;1732034091;1781547332.4139
7478;;15/06/2026;19:39:24;14;1633389039;1781552363.4824
7476;;15/06/2026;20:20:21;22;1732034091;1781554821.4911
7478;;15/06/2026;20:41:20;34;1432278099;1781556080.4924
7476;;15/06/2026;20:58:11;20;1732034091;1781557091.4946
7476;;15/06/2026;21:59:48;22;3433199403;1781560788.4980
7476;;15/06/2026;22:03:39;26;1432278099;1781561019.4986
7476;;16/06/2026;11:37:00;47;1732034091;1781609820.244
7476;;16/06/2026;11:38:31;19;1633389039;1781609911.255
7478;;16/06/2026;11:38:47;1;1631900610;1781609927.260
7478;;16/06/2026;11:39:16;45;1631900610;1781609956.265
7476;;16/06/2026;11:48:29;28;3433199403;1781610509.390
7478;;16/06/2026;11:51:30;11;1631900610;1781610690.426
7478;;16/06/2026;11:52:05;220;1631900610;1781610725.434
7478;;16/06/2026;12:00:23;69;1631900610;1781611223.521
7478;;16/06/2026;12:18:59;16;1432278099;1781612339.656
7473;;16/06/2026;12:24:11;21;4132515366;1781612651.723
7476;;16/06/2026;12:34:45;3;1630300037;1781613285.855
7478;;16/06/2026;12:34:53;34;1432278099;1781613293.858
7476;;16/06/2026;12:35:27;27;1630300037;1781613327.863
7478;;16/06/2026;12:35:50;63;1635101711;1781613350.868
7478;;16/06/2026;12:37:12;80;1631900610;1781613432.882
7476;;16/06/2026;12:37:27;6;3433199403;1781613447.884
7476;;16/06/2026;12:37:44;8;1432278099;1781613464.887
7476;;16/06/2026;12:38:12;73;3433199403;1781613492.894
7476;;16/06/2026;12:50:25;36;1633389039;1781614225.1022
7476;;16/06/2026;12:51:23;32;3433199403;1781614283.1041
7476;;16/06/2026;12:55:01;22;1732034091;1781614501.1100
7478;;16/06/2026;13:21:30;87;1432278099;1781616090.1406
7476;;16/06/2026;13:21:51;46;1633389039;1781616111.1416
7476;;16/06/2026;13:27:02;55;1633389039;1781616422.1507
7476;;16/06/2026;13:34:06;106;1432278099;1781616846.1616
7476;;16/06/2026;13:41:32;74;1432278099;1781617292.1744
7476;;16/06/2026;13:44:54;70;1732034091;1781617494.1807
7478;;16/06/2026;13:48:49;9;1145859736;1781617729.1849
7476;;16/06/2026;14:04:39;84;1732034091;1781618679.2097
7476;;16/06/2026;14:06:38;19;3433199403;1781618798.2150
7476;;16/06/2026;14:07:20;25;1630300037;1781618840.2158
7476;;16/06/2026;14:08:26;82;1732034091;1781618906.2176
7367;SMD AUX. S;16/06/2026;14:09:37;131;35653040;1781618977.2189
7476;;16/06/2026;14:11:05;26;1732034091;1781619065.2207
7476;;16/06/2026;14:14:47;25;1732034091;1781619287.2245
7476;;16/06/2026;14:15:30;14;1732034091;1781619330.2252
7476;;16/06/2026;14:16:20;56;3433199403;1781619380.2260
7476;;16/06/2026;14:24:35;102;3433199403;1781619875.2319
7040;ENC DESPENS;16/06/2026;14:26:02;60;1124433111;1781619962.2327
7040;ENC DESPENS;16/06/2026;14:28:49;12;11940112946;1781620129.2347
7478;;16/06/2026;14:29:01;8;1633389039;1781620141.2349
7478;;16/06/2026;14:29:28;59;1635101711;1781620168.2355
7040;ENC DESPENS;16/06/2026;14:29:30;8;11940112946;1781620170.2357
7040;ENC DESPENS;16/06/2026;14:30:37;9;11940112946;1781620237.2373
7476;;16/06/2026;14:31:22;22;1732034091;1781620282.2378
7478;;16/06/2026;14:36:07;100;1432278099;1781620567.2408
7478;;16/06/2026;14:41:00;10;1635101711;1781620860.2440
7476;;16/06/2026;14:41:47;30;1732034091;1781620907.2450
7476;;16/06/2026;14:47:32;64;3433199403;1781621252.2508
7478;;16/06/2026;14:50:47;10;1432278099;1781621447.2535
7476;;16/06/2026;14:53:07;13;1732034091;1781621587.2548
7476;;16/06/2026;15:10:48;24;11992921193;1781622648.2617
7476;;16/06/2026;15:54:29;54;3433199403;1781625269.2828
7478;;16/06/2026;15:57:46;11;1432278099;1781625466.2841
7476;;16/06/2026;16:11:51;64;1732034091;1781626311.3000
7478;;16/06/2026;16:18:35;88;1432278099;1781626715.3097
7476;;16/06/2026;16:20:30;145;3433199403;1781626830.3127
7592;;16/06/2026;16:22:28;244;1130970634;1781626948.3145
7476;;16/06/2026;16:24:28;43;1633389039;1781627068.3158
7478;;16/06/2026;16:41:22;31;1432278099;1781628082.3387
7478;;16/06/2026;16:55:17;47;1633389039;1781628917.3517
7478;;16/06/2026;17:01:54;32;1633389039;1781629314.3609
7478;;16/06/2026;17:05:07;192;1432278099;1781629507.3666
7476;;16/06/2026;17:12:07;47;3433199403;1781629927.3785
7476;;16/06/2026;17:24:50;60;1732034091;1781630690.3911
7478;;16/06/2026;17:27:29;49;1432278099;1781630849.3963
7476;;16/06/2026;17:31:19;17;1732034091;1781631079.4028
7476;;16/06/2026;17:41:29;34;1732034091;1781631689.4114
7478;;16/06/2026;17:41:56;40;1635101711;1781631716.4122
7476;;16/06/2026;17:50:20;180;1432278099;1781632220.4263
7476;;16/06/2026;17:54:11;41;3433199403;1781632451.4311
7478;;16/06/2026;17:55:30;24;1432278099;1781632530.4329
7478;;16/06/2026;17:59:07;42;1633389039;1781632747.4369
7478;;16/06/2026;18:01:45;25;1432278099;1781632905.4399
7476;;16/06/2026;18:02:25;16;1630300037;1781632945.4409
7478;;16/06/2026;18:09:01;29;1635101711;1781633341.4502
7478;;16/06/2026;18:09:51;16;1432278099;1781633391.4514
7476;;16/06/2026;18:11:43;15;1732034091;1781633503.4535
7476;;16/06/2026;18:12:34;20;3433199403;1781633554.4549
7478;;16/06/2026;18:16:14;24;1635101711;1781633774.4612
7476;;16/06/2026;18:17:52;39;1633389039;1781633872.4654
7476;;16/06/2026;18:19:35;38;1630300037;1781633975.4694
7478;;16/06/2026;18:20:23;33;1635101711;1781634023.4702
7476;;16/06/2026;18:21:19;81;1633389039;1781634079.4724
7478;;16/06/2026;18:23:41;3;1631900610;1781634221.4746
7478;;16/06/2026;18:27:26;78;1635101711;1781634446.4790
7478;;16/06/2026;18:30:30;55;1432278099;1781634630.4847
7476;;16/06/2026;18:31:11;17;1633389039;1781634671.4863
7478;;16/06/2026;18:35:09;81;1635101711;1781634909.4932
7478;;16/06/2026;18:38:50;35;1432278099;1781635130.4982
7478;;16/06/2026;18:47:55;52;1635101711;1781635675.5120
7476;;16/06/2026;19:00:32;56;1432278099;1781636432.5260
7476;;16/06/2026;19:02:02;44;1633389039;1781636522.5276
7476;;16/06/2026;19:03:06;65;1635101711;1781636586.5285
7476;;16/06/2026;19:05:35;25;3433199403;1781636735.5306
7476;;16/06/2026;19:09:28;54;1432278099;1781636968.5331
7478;;16/06/2026;19:15:20;18;1635101711;1781637320.5354
7476;;16/06/2026;19:17:01;53;3433199403;1781637421.5357
7476;;16/06/2026;20:00:04;0;1432278099;1781640004.5459
7476;;16/06/2026;20:05:56;29;3433199403;1781640356.5494
7476;;16/06/2026;20:06:42;17;1732034091;1781640402.5498
7476;;16/06/2026;22:31:11;69;1732034091;1781649071.8
7476;;16/06/2026;22:55:14;30;1732034091;1781650514.18
7478;;16/06/2026;23:33:40;12;1633389039;1781652820.35
7478;;17/06/2026;00:19:30;40;3433199403;1781655570.47
7476;;17/06/2026;01:00:58;16;1732034091;1781658058.91
7478;;17/06/2026;10:17:31;41;1432278099;1781691451.46
7478;;17/06/2026;10:27:19;20;1432278099;1781692039.61
7473;;17/06/2026;10:34:24;251;2121016680;1781692464.87
7476;;17/06/2026;10:43:25;19;1732034091;1781693005.96
7478;;17/06/2026;11:21:01;117;1432278099;1781695261.249
7478;;17/06/2026;11:26:51;25;1633389039;1781695611.302
7476;;17/06/2026;11:35:51;16;1732034091;1781696151.399
7478;;17/06/2026;11:42:51;26;1432278099;1781696571.467
7476;;17/06/2026;11:43:32;71;1732034091;1781696612.474
7476;;17/06/2026;11:47:52;35;1633389039;1781696872.523
7476;;17/06/2026;11:48:51;42;1631900610;1781696931.529
7476;;17/06/2026;11:50:40;15;1631900610;1781697040.548
7476;;17/06/2026;11:51:10;13;1633389039;1781697070.557
7476;;17/06/2026;11:52:02;47;3433199403;1781697122.569
7476;;17/06/2026;12:13:49;32;3433199403;1781698429.839
7476;;17/06/2026;12:23:06;48;3433199403;1781698986.991
7476;;17/06/2026;12:28:16;80;3433199403;1781699296.1074
7476;;17/06/2026;12:30:26;41;1432278099;1781699426.1120
7476;;17/06/2026;12:33:28;32;1732034091;1781699608.1178
7478;;17/06/2026;12:46:51;34;1432278099;1781700411.1305
7478;;17/06/2026;12:59:21;53;1432278099;1781701161.1521
7473;;17/06/2026;12:59:42;71;4431123632;1781701182.1525
7348;;17/06/2026;13:23:58;88;3438230300;1781702638.1806
7476;;17/06/2026;13:29:09;14;1633389039;1781702949.1867
7476;;17/06/2026;13:29:44;23;1432278099;1781702984.1875
7348;;17/06/2026;13:36:35;71;3432394603;1781703395.1936
7348;;17/06/2026;13:38:17;49;3432918938;1781703497.1965
7478;;17/06/2026;13:43:18;17;1432278099;1781703798.2011
6803;SIS CH 2;17/06/2026;13:46:35;8;21964178593;1781703995.2066
7476;;17/06/2026;13:49:08;72;3433199403;1781704148.2114
7476;;17/06/2026;13:59:55;143;1432278099;1781704795.2246
7476;;17/06/2026;14:02:34;44;1633389039;1781704954.2283
7476;;17/06/2026;14:10:21;12;1432278099;1781705421.2380
7476;;17/06/2026;14:11:08;8;3433199403;1781705468.2389
7476;;17/06/2026;14:11:32;11;1732034091;1781705492.2395
7478;;17/06/2026;14:11:33;17;1432278099;1781705493.2397
7476;;17/06/2026;14:26:42;56;3433199403;1781706402.2525
7479;;17/06/2026;14:30:31;25;1635101711;1781706631.2556
7478;;17/06/2026;14:33:48;105;1432278099;1781706828.2585
7476;;17/06/2026;14:36:29;48;1432278099;1781706989.2609
7476;;17/06/2026;14:40:04;26;3433199403;1781707204.2646
7476;;17/06/2026;14:43:35;11;1631900610;1781707415.2673
7476;;17/06/2026;14:44:08;34;1630300037;1781707448.2678
7476;;17/06/2026;14:46:23;49;1432278099;1781707583.2696
7476;;17/06/2026;14:47:37;44;1432278099;1781707657.2709
7476;;17/06/2026;14:50:53;21;1732034091;1781707853.2730
7476;;17/06/2026;14:51:19;15;1633389039;1781707879.2732
7478;;17/06/2026;14:52:19;31;1432278099;1781707939.2737
7476;;17/06/2026;14:58:34;80;1633389039;1781708314.2795
7476;;17/06/2026;15:26:42;27;1633389039;1781710002.2941
7476;;17/06/2026;15:27:24;29;1432278099;1781710044.2944
7473;;17/06/2026;15:29:04;19;21999172913;1781710144.2947
7473;;17/06/2026;15:29:59;7;21999172913;1781710199.2950
7473;;17/06/2026;15:34:51;40;4132515366;1781710491.2979
7476;;17/06/2026;15:41:22;35;1432278099;1781710882.3005
7478;;17/06/2026;15:42:17;18;1432278099;1781710937.3014
7476;;17/06/2026;15:43:29;50;1633389039;1781711009.3026
7476;;17/06/2026;16:20:08;19;3433199403;1781713208.3308
7476;;17/06/2026;16:21:37;24;1633389039;1781713297.3327
7476;;17/06/2026;16:26:25;21;1633389039;1781713585.3376
7022;CAPELANIA CHEFE;17/06/2026;16:32:19;9;1935657789;1781713939.3480
7476;;17/06/2026;16:32:43;18;1633389039;1781713963.3489
7022;CAPELANIA CHEFE;17/06/2026;16:32:49;622;35657789;1781713969.3492
7476;;17/06/2026;16:51:41;23;3433199403;1781715101.3900
7476;;17/06/2026;17:15:05;146;1432278099;1781716505.4176
7297;SSIED CHEF;17/06/2026;17:40:02;63;8003635555;1781718002.4551
7478;;17/06/2026;18:22:08;49;1432278099;1781720528.5014
7478;;17/06/2026;18:45:27;18;1432278099;1781721927.5366
7476;;17/06/2026;19:32:46;50;1633389039;1781724766.23
7476;;17/06/2026;19:41:57;46;1432278099;1781725317.103
7476;;17/06/2026;19:52:54;51;1432278099;1781725974.143
7476;;17/06/2026;19:54:46;43;3433199403;1781726086.148
7476;;17/06/2026;20:04:32;51;1732034091;1781726672.197
7476;;17/06/2026;20:57:00;12;1732034091;1781729820.354
7476;;17/06/2026;21:03:18;76;1732034091;1781730198.361
7476;;17/06/2026;21:06:22;20;1732034091;1781730382.367
7476;;17/06/2026;21:43:48;26;1732034091;1781732628.477
7478;;17/06/2026;22:09:51;55;1432278099;1781734191.518
7476;;17/06/2026;22:11:57;97;1633389039;1781734317.522
7476;;18/06/2026;01:16:22;14;1732034091;1781745382.617
7476;;18/06/2026;10:05:41;16;1732034091;1781777141.69
7476;;18/06/2026;10:34:04;41;1432278099;1781778844.153
7476;;18/06/2026;10:46:24;21;3433199403;1781779584.171
7476;;18/06/2026;11:04:34;133;3433199403;1781780674.205
7476;;18/06/2026;11:08:12;22;1732034091;1781780892.238
7476;;18/06/2026;11:09:38;54;3433199403;1781780978.255
7476;;18/06/2026;11:16:42;35;1630300037;1781781402.280
7476;;18/06/2026;12:00:47;43;1633389039;1781784047.618
7476;;18/06/2026;12:01:59;50;1631900610;1781784119.629
7476;;18/06/2026;12:04:33;48;1432278099;1781784273.656
6783;;18/06/2026;12:24:43;92;35653040;1781785483.859
6783;;18/06/2026;12:30:42;790;35545550;1781785841.913
7117;CH ADM PAYS;18/06/2026;12:52:10;1251;6233297929;1781787130.1111
7478;;18/06/2026;13:08:43;110;1432278099;1781788123.1229
7478;;18/06/2026;13:16:16;48;1432278099;1781788576.1330
7365;ODONT MARC CON;18/06/2026;13:23:47;102;999757554;1781789027.1397
7365;ODONT MARC CON;18/06/2026;13:26:06;0;999479512;1781789166.1417
7478;;18/06/2026;13:33:43;27;1635101711;1781789623.1537
7899;SAVP ENC;18/06/2026;13:45:03;10;996554074;1781790303.1758
7899;SAVP ENC;18/06/2026;13:45:39;47;996554074;1781790339.1768
7478;;18/06/2026;13:45:51;56;1432278099;1781790351.1773
7476;;18/06/2026;14:12:50;4;1631900610;1781791970.2125
7478;;18/06/2026;14:13:14;5;1635101711;1781791994.2132
7478;;18/06/2026;14:15:52;45;1633389039;1781792152.2160
7476;;18/06/2026;14:35:02;47;1432278099;1781793302.2301
7476;;18/06/2026;14:37:03;57;1631900610;1781793423.2315
7478;;18/06/2026;14:37:29;45;1635101711;1781793449.2323
7478;;18/06/2026;14:39:55;3;1635101711;1781793595.2344
7866;SAVP CH;18/06/2026;14:46:13;35;971677315;1781793973.2410
7476;;18/06/2026;14:47:14;44;3433199403;1781794034.2414
7476;;18/06/2026;14:58:59;79;1732034091;1781794739.2479
7476;;18/06/2026;15:11:38;37;3433199403;1781795498.2519
7478;;18/06/2026;15:17:32;35;1432278099;1781795852.2555
7476;;18/06/2026;15:19:37;22;1432278099;1781795977.2560
7476;;18/06/2026;15:21:49;117;1732034091;1781796109.2572
7476;;18/06/2026;15:26:57;23;3433199403;1781796417.2588
7478;;18/06/2026;15:30:47;76;1432278099;1781796647.2617
7476;;18/06/2026;15:35:40;36;3433199403;1781796940.2648
7476;;18/06/2026;16:15:49;56;1635101711;1781799349.2912
7476;;18/06/2026;16:26:20;16;1633389039;1781799980.3036
7476;;18/06/2026;16:27:26;26;1633389039;1781800046.3050
7476;;18/06/2026;16:28:55;13;1633389039;1781800135.3059
7825;SSTAE ADJ;18/06/2026;16:34:23;277;35998381378;1781800463.3108
7478;;18/06/2026;16:37:24;27;1432278099;1781800644.3143
7476;;18/06/2026;16:48:42;60;3432335432;1781801322.3236
7476;;18/06/2026;17:32:28;14;1732034091;1781803948.3332
7476;;18/06/2026;17:40:33;3;1630300037;1781804433.3436
7476;;18/06/2026;17:51:28;14;1633389039;1781805088.3587
7476;;18/06/2026;17:52:07;24;3433199403;1781805127.3590
7476;;18/06/2026;17:57:23;79;1633389039;1781805443.3679
7476;;18/06/2026;18:02:18;43;1432278099;1781805738.3732
7476;;18/06/2026;18:03:39;38;3433199403;1781805819.3741
7476;;18/06/2026;18:09:54;45;3433199403;1781806194.3788
7476;;18/06/2026;18:15:21;14;1732034091;1781806521.3840
7476;;18/06/2026;18:18:54;69;1432278099;1781806734.3872
7476;;18/06/2026;18:21:34;29;1633389039;1781806894.3904
7476;;18/06/2026;18:44:23;27;1732034091;1781808263.4036
7476;;18/06/2026;18:54:30;0;1633389039;1781808870.4060
7476;;18/06/2026;18:54:53;81;1432278099;1781808893.4063
7478;;18/06/2026;19:02:30;40;1432278099;1781809350.4076
7476;;18/06/2026;19:06:03;11;1633389039;1781809563.4088
7478;;18/06/2026;19:09:25;60;1432278099;1781809765.4102
7476;;18/06/2026;19:12:47;112;1432278099;1781809967.4117
7476;;18/06/2026;19:39:56;17;1432278099;1781811596.4228
7478;;18/06/2026;19:45:24;164;1432278099;1781811924.4255
7478;;18/06/2026;20:08:18;35;1432278099;1781813298.4362
7476;;18/06/2026;20:29:18;43;1732034091;1781814558.4395
7476;;18/06/2026;20:35:11;24;3433199403;1781814911.4403
7476;;18/06/2026;20:38:25;153;1732034091;1781815105.4413
7476;;18/06/2026;21:19:24;28;3433199403;1781817564.4432
7476;;18/06/2026;21:31:21;25;1732034091;1781818281.4446
7476;;18/06/2026;23:01:10;13;1732034091;1781823670.4540
7476;;18/06/2026;23:14:11;30;1633389039;1781824451.4549
7478;;18/06/2026;23:48:03;53;1432278099;1781826483.4569
7478;;18/06/2026;23:56:40;15;1432278099;1781827000.4581
7478;;19/06/2026;00:27:50;12;1732034091;1781828870.4587
7478;;19/06/2026;00:45:12;98;1432278099;1781829912.4593
7478;;19/06/2026;09:41:09;33;1432278099;1781862069.4684
7478;;19/06/2026;11:11:04;83;1432278099;1781867464.4844
7478;;19/06/2026;11:31:03;19;1633389039;1781868663.5029
7476;;19/06/2026;11:45:04;19;1732034091;1781869504.5160
7776;ODONT ALMOX;19/06/2026;11:54:12;6;43991045534;1781870052.5263
7776;ODONT ALMOX;19/06/2026;11:55:20;6;43991045534;1781870120.5300
7476;;19/06/2026;11:55:56;10;1732034091;1781870156.5307
7478;;19/06/2026;11:59:29;70;1432278099;1781870369.5342
7148;SDFAR;19/06/2026;12:10:56;10;19992004640;1781871056.5484
7478;;19/06/2026;12:28:33;83;1432278099;1781872113.5807
7478;;19/06/2026;12:43:06;48;1432278099;1781872986.6006
7476;;19/06/2026;12:54:15;28;3433199403;1781873655.6182
7478;;19/06/2026;12:58:44;81;1432278099;1781873924.6259
7298;SECRETARIA ALTERAÇÕES;19/06/2026;13:05:05;128;3233394089;1781874305.6372
7478;;19/06/2026;13:20:07;37;1635101711;1781875207.6628
7476;;19/06/2026;13:20:37;29;1633389039;1781875237.6637
7476;;19/06/2026;13:26:32;116;1432278099;1781875592.6708
7476;;19/06/2026;13:34:22;77;1633389039;1781876062.6840
7476;;19/06/2026;13:37:33;14;1432278099;1781876253.6883
7476;;19/06/2026;13:38:01;8;1732034091;1781876281.6893
7476;;19/06/2026;13:42:35;22;1630300037;1781876555.6986
7476;;19/06/2026;13:44:14;55;1732034091;1781876654.7003
7476;;19/06/2026;13:57:47;116;3433199403;1781877467.7230
7476;;19/06/2026;14:03:28;18;1633389039;1781877808.7347
7476;;19/06/2026;14:28:37;26;1732034091;1781879317.7717
7476;;19/06/2026;14:31:29;16;3433199403;1781879489.7754
7476;;19/06/2026;14:36:49;34;1633389039;1781879809.7808
7476;;19/06/2026;14:41:40;13;3433199403;1781880100.7883
7478;;20/06/2026;14:25:42;53;1633389039;1781965542.32
7478;;20/06/2026;16:01:45;84;1432278099;1781971305.141
7476;;20/06/2026;17:37:40;40;3433199403;1781977060.250
7476;;20/06/2026;18:08:51;4;1630300037;1781978931.287
7476;;20/06/2026;18:09:41;25;1732034091;1781978981.290
7476;;20/06/2026;18:19:58;144;3433199403;1781979598.293
7473;;20/06/2026;18:28:20;63;11996243938;1781980100.307
7478;;20/06/2026;18:51:24;4;1635101711;1781981484.321
7476;;20/06/2026;19:47:57;43;1432278099;1781984877.383
7476;;20/06/2026;22:56:45;14;1732034091;1781996205.494
7478;;20/06/2026;23:04:41;19;1432278099;1781996681.504
7476;;20/06/2026;23:29:20;15;1732034091;1781998160.509
6783;;21/06/2026;08:58:40;179;998493241;1782032320.45
7476;;21/06/2026;10:23:38;50;3433199403;1782037418.78
7476;;21/06/2026;10:34:15;9;3433199403;1782038055.83
7476;;21/06/2026;10:47:18;33;3433199403;1782038838.92
7478;;21/06/2026;12:21:23;30;1432278099;1782044483.76
7478;;21/06/2026;12:41:26;42;1432278099;1782045686.107
7476;;21/06/2026;12:56:29;31;1732034091;1782046589.127
7476;;21/06/2026;12:57:20;25;3433199403;1782046640.130
7476;;21/06/2026;13:06:06;11;1732034091;1782047166.141
7478;;21/06/2026;13:11:37;38;1432278099;1782047497.149
7476;;21/06/2026;14:20:20;30;1732034091;1782051620.213
7476;;21/06/2026;14:21:12;67;1432278099;1782051672.218
7478;;21/06/2026;14:33:36;3;1635101711;1782052416.237
7478;;21/06/2026;14:39:58;11;1631900610;1782052798.250
7476;;21/06/2026;14:49:17;11;3433199403;1782053357.275
7476;;21/06/2026;14:54:04;11;3433199403;1782053644.281
7476;;21/06/2026;15:13:15;45;1732034091;1782054795.297
7476;;21/06/2026;15:17:50;9;1432278099;1782055070.303
7476;;21/06/2026;15:19:43;19;1732034091;1782055183.312
7476;;21/06/2026;15:27:10;39;1732034091;1782055630.320
7476;;21/06/2026;16:24:21;148;3433199403;1782059061.368
7476;;21/06/2026;16:28:42;39;1633389039;1782059322.371
7478;;21/06/2026;16:34:37;30;1432278099;1782059677.374
7476;;21/06/2026;16:41:33;52;3433199403;1782060093.383
7476;;21/06/2026;16:43:06;106;1432278099;1782060186.388
7476;;21/06/2026;16:55:38;16;1633389039;1782060938.405
7476;;21/06/2026;16:59:59;9;1633389039;1782061199.408
7476;;21/06/2026;17:00:30;12;1432278099;1782061230.411
7476;;21/06/2026;17:06:56;58;1732034091;1782061616.416
7476;;21/06/2026;17:17:58;42;3433199403;1782062278.431
7476;;21/06/2026;18:09:24;46;1732034091;1782065364.442
7476;;21/06/2026;18:12:06;37;3433199403;1782065526.445
7476;;21/06/2026;18:57:47;60;1432278099;1782068267.481
7476;;21/06/2026;19:58:31;42;3433199403;1782071911.528
7476;;21/06/2026;20:18:32;49;1432278099;1782073112.541
7476;;21/06/2026;20:22:37;59;1432278099;1782073357.545
7478;;21/06/2026;20:44:07;28;1432278099;1782074647.551
7476;;21/06/2026;20:56:13;36;1732034091;1782075373.560
7476;;21/06/2026;21:00:57;56;1732034091;1782075657.568
7476;;21/06/2026;21:08:44;37;1732034091;1782076124.571
7476;;21/06/2026;21:14:48;56;1732034091;1782076488.577
7476;;21/06/2026;21:22:33;14;1732034091;1782076953.580
7476;;21/06/2026;21:46:38;13;1732034091;1782078398.583
7298;SECRETARIA ALTERAÇÕES;22/06/2026;11:55:13;118;3233394183;1782129313.240
7117;CH ADM PAYS;22/06/2026;11:59:20;125;11997155234;1782129560.334
7478;;22/06/2026;12:10:57;59;1432278099;1782130257.536
7478;;22/06/2026;12:26:23;25;1432278099;1782131183.809
7478;;22/06/2026;12:37:31;57;1432278099;1782131851.955
7478;;22/06/2026;12:49:07;40;1432278099;1782132547.1082
7478;;22/06/2026;12:50:06;25;1633389039;1782132606.1098
7476;;22/06/2026;12:53:10;46;1432278099;1782132790.1139
7478;;22/06/2026;13:17:53;44;1432278099;1782134273.1436
7478;;22/06/2026;13:23:39;16;1432278099;1782134619.1547
7367;SMD AUX. S;22/06/2026;13:38:05;3;2121069957;1782135485.1892
7298;SECRETARIA ALTERAÇÕES;22/06/2026;13:40:08;152;3233394183;1782135608.1937
7478;;22/06/2026;13:45:24;31;1633389039;1782135924.2056
7879;;22/06/2026;13:46:53;5;19998925626;1782136013.2089
7879;;22/06/2026;13:47:12;39;998925626;1782136032.2100
7478;;22/06/2026;13:54:54;30;1432278099;1782136494.2209
7478;;22/06/2026;14:07:04;52;1432278099;1782137224.2437
7175;SAVP PENS;22/06/2026;14:09:54;9;971677315;1782137394.2464
7175;SAVP PENS;22/06/2026;14:10:28;15;971677315;1782137428.2468
7476;;22/06/2026;14:18:26;91;3433199403;1782137906.2533
7476;;22/06/2026;14:23:17;21;1633389039;1782138197.2544
7476;;22/06/2026;14:31:41;25;3433199403;1782138701.2619
7476;;22/06/2026;14:56:16;13;1732034091;1782140176.2806
7476;;22/06/2026;15:21:04;18;1633389039;1782141664.2932
7476;;22/06/2026;15:28:34;24;3433199403;1782142114.2972
7476;;22/06/2026;15:34:02;30;1732034091;1782142442.2993
7476;;22/06/2026;15:46:32;16;1732034091;1782143192.3057
7476;;22/06/2026;16:09:18;17;1633389039;1782144558.4031
7478;;22/06/2026;16:18:46;50;1635101711;1782145126.4691
7478;;22/06/2026;16:19:33;3;1635101711;1782145173.4702
7478;;22/06/2026;16:21:24;3;1635101711;1782145284.4851
7476;;22/06/2026;16:25:33;39;1635101711;1782145533.5041
7476;;22/06/2026;16:25:51;17;1635101711;1782145551.5046
7478;;22/06/2026;16:29:02;18;1432278099;1782145742.5095
7479;;22/06/2026;16:29:52;20;1732034091;1782145792.5108
7476;;22/06/2026;16:30:00;56;1633389039;1782145800.5114
7476;;22/06/2026;16:32:45;26;998467072;1782145965.5137
7476;;22/06/2026;16:33:46;20;1732034091;1782146026.5155
7478;;22/06/2026;16:41:07;20;1635101711;1782146467.5254
7476;;22/06/2026;16:41:48;10;1635101711;1782146508.5268
7476;;22/06/2026;16:43:21;41;3433199403;1782146601.5287
7478;;22/06/2026;16:53:04;78;1432278099;1782147184.5423
7476;;22/06/2026;16:53:23;15;1635101711;1782147203.5430
7479;;22/06/2026;16:54:14;65;1635101711;1782147254.5443
7478;;22/06/2026;16:58:34;19;1432278099;1782147514.5509
7478;;22/06/2026;17:00:45;3;1432278099;1782147645.5547
7478;;22/06/2026;17:01:09;3;1635101711;1782147669.5556
7478;;22/06/2026;17:26:19;17;1432278099;1782149179.5963
7476;;22/06/2026;18:03:11;40;1732034091;1782151391.6618
7478;;22/06/2026;18:08:29;6;1635101711;1782151709.6692
7476;;22/06/2026;18:10:19;35;1732034091;1782151819.6890
7476;;22/06/2026;18:28:00;53;3433199403;1782152880.7169
7476;;22/06/2026;18:30:07;159;1432278099;1782153007.7237
7476;;22/06/2026;18:33:49;36;1633389039;1782153229.7300
7478;;22/06/2026;18:34:36;85;1432278099;1782153276.7310
7478;;22/06/2026;18:37:13;11;1432278099;1782153433.7646
7476;;22/06/2026;18:38:40;32;1732034091;1782153520.7672
7476;;22/06/2026;18:41:14;46;3433199403;1782153674.7694
7476;;22/06/2026;18:42:22;47;1432278099;1782153742.7716
7476;;22/06/2026;18:47:03;14;1732034091;1782154023.8087
7478;;22/06/2026;18:55:52;33;1432278099;1782154552.8161
7478;;22/06/2026;18:58:04;62;1432278099;1782154684.8187
7478;;22/06/2026;19:07:40;20;1633389039;1782155260.8239
7478;;22/06/2026;19:13:50;32;1432278099;1782155630.8262
7478;;22/06/2026;19:16:59;107;1432278099;1782155819.8273
7478;;22/06/2026;19:20:05;4;1635101711;1782156005.8387
7478;;22/06/2026;19:20:23;6;1635101711;1782156023.8491
7478;;22/06/2026;19:21:04;5;1635101711;1782156064.8749
7479;;22/06/2026;19:29:44;20;2121016357;1782156584.9222
7476;;22/06/2026;19:43:43;76;1432278099;1782157423.9256
7476;;23/06/2026;11:47:00;102;3433199403;1782215220.1347
7228;ENC ALMOX PAYS 2;23/06/2026;11:52:29;139;5437125442;1782215549.1438
7476;;23/06/2026;12:04:33;68;1732034091;1782216273.1608
7478;;23/06/2026;12:05:10;15;1432278099;1782216310.1616
7298;SECRETARIA ALTERAÇÕES;23/06/2026;12:09:45;11;92984509669;1782216585.1668
7040;ENC DESPENS;23/06/2026;12:27:04;98;33527021;1782217624.1804
7040;ENC DESPENS;23/06/2026;12:29:05;152;993262842;1782217745.1844
7175;SAVP PENS;23/06/2026;12:50:58;16;971677315;1782219058.2142
7478;;23/06/2026;12:54:33;24;1432278099;1782219273.2170
7478;;23/06/2026;12:56:10;19;1432278099;1782219370.2185
7476;;23/06/2026;13:03:14;30;3433199403;1782219794.2255
7476;;23/06/2026;13:12:57;27;1633389039;1782220377.2425
7476;;23/06/2026;13:17:58;27;1432278099;1782220678.2508
7478;;23/06/2026;13:19:58;70;1432278099;1782220798.2530
7476;;23/06/2026;13:20:17;102;1732034091;1782220817.2533
7476;;23/06/2026;13:27:40;35;1732034091;1782221260.2655
7476;;23/06/2026;13:43:34;12;1732034091;1782222214.2917
7476;;23/06/2026;14:10:20;31;1432278099;1782223820.3379
7476;;23/06/2026;14:12:39;70;1432278099;1782223959.3415
7476;;23/06/2026;14:16:04;122;3433199403;1782224164.3444
7348;;23/06/2026;14:16:35;8;19971358795;1782224195.3452
7476;;23/06/2026;14:19:04;14;1432278099;1782224344.3471
7476;;23/06/2026;14:20:45;24;3433199403;1782224445.3486
7476;;23/06/2026;15:04:22;12;3433199403;1782227062.3850
7476;;23/06/2026;15:12:47;20;1732034091;1782227567.3897
7364;SIS INSP S;23/06/2026;15:21:31;15;16997489409;1782228091.3935
7364;SIS INSP S;23/06/2026;15:22:38;200;16997489409;1782228158.3945
7476;;23/06/2026;15:22:39;22;1633389039;1782228159.3947
7476;;23/06/2026;15:27:24;45;1732034091;1782228444.3975
7476;;23/06/2026;15:29:02;82;3433199403;1782228542.3987
7476;;23/06/2026;16:00:16;16;1633389039;1782230416.4170
7476;;23/06/2026;16:14:29;35;1432278099;1782231269.4323
7476;;23/06/2026;16:32:45;14;1432278099;1782232365.4664
7476;;23/06/2026;17:01:30;15;1732034092;1782234090.5154
7478;;23/06/2026;17:07:56;68;1432278099;1782234476.5272
7478;;23/06/2026;17:11:45;50;1432278099;1782234705.5339
7778;SEC-DE ADJ 2;23/06/2026;17:16:51;16;82996742373;1782235011.5424
7478;;23/06/2026;17:24:53;25;1432278099;1782235493.5568
7361;SAD CH GSAU;23/06/2026;17:33:09;152;3121129450;1782235989.5719
7476;;23/06/2026;18:46:44;17;1732034091;1782240404.334
7479;;23/06/2026;19:38:38;74;1432278099;1782243518.566
7476;;23/06/2026;19:42:27;24;1732034091;1782243747.580
7476;;23/06/2026;19:50:55;25;1633389039;1782244255.628
7478;;23/06/2026;20:04:38;24;1432278099;1782245078.687
7478;;23/06/2026;20:17:31;24;1633389039;1782245851.736
7476;;23/06/2026;20:51:29;73;1432278099;1782247889.797
7476;;23/06/2026;21:00:23;79;1432278099;1782248423.807
7476;;23/06/2026;21:16:44;13;1732034091;1782249404.853
7478;;23/06/2026;21:25:45;58;1432278099;1782249945.885
7478;;23/06/2026;21:32:02;14;1432278099;1782250322.898
7476;;23/06/2026;21:32:46;47;1732034091;1782250366.903
7478;;23/06/2026;21:51:17;47;1432278099;1782251477.917
7476;;23/06/2026;21:53:32;48;1633389039;1782251612.920
7478;;23/06/2026;22:56:24;13;1432278099;1782255384.975
7478;;23/06/2026;23:31:14;13;1432278099;1782257474.991
7478;;24/06/2026;01:13:19;37;1732034091;1782263599.1021
7478;;24/06/2026;01:28:43;21;1732034091;1782264523.1024
7473;;24/06/2026;11:56:01;22;4132515322;1782302161.142
7476;;24/06/2026;12:01:16;9;3433199403;1782302476.226
7476;;24/06/2026;13:01:56;8;1732034091;1782306116.1127
7476;;24/06/2026;13:02:28;11;1732034091;1782306148.1136
7476;;24/06/2026;13:03:12;97;1732034091;1782306192.1144
7476;;24/06/2026;13:09:34;37;3433199403;1782306574.1243
7478;;24/06/2026;14:17:36;39;1633389039;1782310656.2076
7473;;24/06/2026;15:08:27;10;19999896164;1782313707.2308
7473;;24/06/2026;15:09:05;6;19999896164;1782313745.2311
7866;SAVP CH;24/06/2026;17:12:23;19;61996996753;1782321143.68
7298;SECRETARIA ALTERAÇÕES;24/06/2026;17:33:51;134;51984582507;1782322431.371
7476;;24/06/2026;17:38:34;36;1633389039;1782322714.428
7476;;24/06/2026;17:47:58;30;3433199403;1782323278.522
7476;;24/06/2026;18:05:07;109;1732034091;1782324307.676
7476;;24/06/2026;18:28:22;20;3433199403;1782325702.970
7476;;24/06/2026;18:35:04;14;1732034091;1782326104.1019
7476;;24/06/2026;19:16:27;65;1732034091;1782328587.1261
7476;;24/06/2026;19:17:51;24;1732034091;1782328671.1266
7476;;24/06/2026;19:24:27;96;3433199403;1782329067.1279
7476;;24/06/2026;19:31:14;20;1732034091;1782329474.1298
7476;;24/06/2026;20:25:04;59;3433199403;1782332704.1443
7478;;24/06/2026;20:25:52;23;1432278099;1782332752.1451
7479;;24/06/2026;20:52:07;155;6133648404;1782334327.1502
7476;;24/06/2026;21:33:13;59;3433199403;1782336793.1543
7476;;24/06/2026;21:37:10;13;3433199403;1782337030.1546
7476;;24/06/2026;22:08:09;35;3433199403;1782338889.1552
7476;;24/06/2026;22:54:42;13;3433199403;1782341682.1569
7479;;25/06/2026;08:56:06;5;199989212828;1782377766.1630
7476;;25/06/2026;10:42:09;13;1732034091;1782384129.94
7478;;25/06/2026;10:54:23;48;1432278099;1782384863.131
7478;;25/06/2026;11:38:15;10;1432278099;1782387495.393
7478;;25/06/2026;11:38:40;12;1633389039;1782387520.397
7476;;25/06/2026;11:40:34;17;1633389039;1782387634.429
7476;;25/06/2026;11:47:24;65;1732034091;1782388044.478
7476;;25/06/2026;11:59:47;16;1732034091;1782388787.621
7298;SECRETARIA ALTERAÇÕES;25/06/2026;12:23:11;34;3233394189;1782390191.956
7478;;25/06/2026;12:25:41;31;1432278099;1782390341.977
7364;SIS INSP S;25/06/2026;12:41:31;3;992957117;1782391291.1181
7478;;25/06/2026;12:42:06;31;1432278099;1782391326.1195
7476;;25/06/2026;12:58:53;51;3433199403;1782392333.1442
7478;;25/06/2026;13:02:28;6;1635101711;1782392548.1488
7478;;25/06/2026;13:02:51;2;1631900610;1782392571.1502
7478;;25/06/2026;13:03:34;3;1631900610;1782392614.1519
7478;;25/06/2026;13:04:11;2;1635101711;1782392651.1533
7360;SC ANAL CLI;25/06/2026;13:14:42;19;991350302;1782393282.1707
7476;;25/06/2026;13:30:55;44;3433199403;1782394255.1968
7476;;25/06/2026;14:29:09;25;1432278099;1782397749.2547
7476;;25/06/2026;14:44:18;72;3433199403;1782398658.2642
7476;;25/06/2026;14:50:44;22;3433199403;1782399044.2663
7476;;25/06/2026;15:16:59;21;1732034091;1782400619.2852
7476;;25/06/2026;15:20:01;115;1432278099;1782400801.2869
7476;;25/06/2026;15:25:32;19;1633389039;1782401132.2892
7476;;25/06/2026;15:29:17;71;3433199403;1782401357.2920
7476;;25/06/2026;15:46:39;30;1633389039;1782402399.3023
7476;;25/06/2026;15:48:11;63;1432278099;1782402491.3046
7476;;25/06/2026;16:04:58;4;1635101711;1782403498.3237
7476;;25/06/2026;16:05:26;6;1635101711;1782403526.3241
7298;SECRETARIA ALTERAÇÕES;25/06/2026;16:21:30;14;3233394183;1782404490.3502
7298;SECRETARIA ALTERAÇÕES;25/06/2026;16:41:25;55;92984509669;1782405685.3800
7476;;25/06/2026;16:58:05;35;3433199403;1782406685.3997
7476;;25/06/2026;17:13:58;20;1633389039;1782407638.4211
7281;CCAE CMD CHEFE;25/06/2026;17:20:05;9;19992443092;1782408005.4281
7281;CCAE CMD CHEFE;25/06/2026;17:20:37;13;992443092;1782408037.4287
7476;;25/06/2026;17:24:55;57;3433199403;1782408295.4340
7476;;25/06/2026;17:42:22;77;1432278099;1782409342.4600
7476;;25/06/2026;17:47:13;26;1633389039;1782409633.4684
7476;;25/06/2026;17:52:47;28;1432278099;1782409967.4802
7476;;25/06/2026;17:54:33;94;3433199403;1782410073.4831
7476;;25/06/2026;17:57:58;17;3433199403;1782410278.4889
7476;;25/06/2026;18:01:19;93;1432278099;1782410479.4954
7476;;25/06/2026;18:03:13;18;1732034091;1782410593.4981
7476;;25/06/2026;18:07:50;53;1630300037;1782410870.5034
7476;;25/06/2026;18:09:59;26;1732034091;1782410999.5056
7476;;25/06/2026;18:22:36;16;1732034091;1782411756.5221
7476;;25/06/2026;20:40:23;177;3433199403;1782420023.5747
7476;;25/06/2026;21:00:18;21;1732034091;1782421218.5785
7476;;25/06/2026;21:41:16;50;3433199403;1782423676.5833
7476;;25/06/2026;21:46:13;48;3433199403;1782423973.5845
7476;;26/06/2026;11:54:23;50;3433199403;1782474863.50
7879;;26/06/2026;12:00:10;13;981462140;1782475210.257
7476;;26/06/2026;12:00:58;42;3433199403;1782475258.275
7879;;26/06/2026;12:01:10;11;981462140;1782475270.285
7476;;26/06/2026;12:20:03;38;3433199403;1782476403.1087
7478;;26/06/2026;12:26:18;17;1633389039;1782476778.1153
7866;SAVP CH;26/06/2026;12:29:58;33;35717971;1782476997.1196
7866;SAVP CH;26/06/2026;12:34:00;20;35712133;1782477240.1572
7476;;26/06/2026;12:37:00;9;1432278099;1782477420.1723
7866;SAVP CH;26/06/2026;12:37:41;37;35417216;1782477461.1837
7175;SAVP PENS;26/06/2026;12:43:58;0;981462140;1782477838.2034
7020;SEÇÃ MEDI;26/06/2026;12:44:07;9;994928036;1782477847.2036
7866;SAVP CH;26/06/2026;12:44:07;15;35414871;1782477841.2035
7866;SAVP CH;26/06/2026;12:44:26;16;33219484;1782477866.2071
7478;;26/06/2026;12:53:01;28;1633389039;1782478381.2726
7149;SAC RECE FISI;26/06/2026;13:21:53;17;991715417;1782480113.779
7776;ODONT ALMOX;26/06/2026;13:24:26;1157;32113600;1782480266.1392
7476;;26/06/2026;13:24:42;0;1432278099;1782480282.1499
7478;;26/06/2026;13:29:34;30;1630300037;1782480574.1676
7476;;26/06/2026;13:31:36;86;1432278099;1782480696.1799
7478;;26/06/2026;13:36:38;49;1631900610;1782480998.2406
7476;;26/06/2026;13:37:58;16;3433199403;1782481078.2440
7476;;26/06/2026;13:46:44;20;3433199403;1782481604.3193
7866;SAVP CH;26/06/2026;13:52:54;115;35653040;1782481974.3320
7364;SIS INSP S;26/06/2026;14:50:32;109;1122247144;1782485432.172
7478;;26/06/2026;15:07:19;54;1631900610;1782486439.415
7476;;26/06/2026;15:23:08;30;1633389039;1782487388.576
7476;;26/06/2026;15:25:38;9;1432278099;1782487538.597
7476;;26/06/2026;15:31:47;15;1633389039;1782487907.640
7476;;26/06/2026;15:36:32;36;1432278099;1782488192.663
7476;;26/06/2026;16:12:11;10;3433199403;1782490331.771
7476;;26/06/2026;16:25:07;34;1432278099;1782491107.849
7476;;27/06/2026;18:04:40;28;1630300037;1782583480.10
7476;;27/06/2026;18:06:01;62;1432278099;1782583561.22
7478;;27/06/2026;18:08:13;48;1432278099;1782583693.35
7476;;27/06/2026;18:11:49;43;1432278099;1782583909.41
7476;;27/06/2026;18:17:27;20;1432278099;1782584247.50
7478;;27/06/2026;18:18:56;4;1635101711;1782584336.57
7478;;27/06/2026;19:00:35;38;1432278099;1782586835.125
7476;;27/06/2026;19:20:25;14;1732034091;1782588025.132
7478;;28/06/2026;11:35:59;7;1635101711;1782646559.15
7476;;28/06/2026;11:37:01;46;1432278099;1782646621.18
6783;;28/06/2026;11:46:11;20;981217470;1782647171.26
7476;;28/06/2026;11:48:14;33;1732034091;1782647294.33
6783;;28/06/2026;11:48:30;29;981217470;1782647310.35
7476;;28/06/2026;11:53:19;27;1432278099;1782647599.44
7476;;28/06/2026;11:55:46;23;1432278099;1782647746.48
7478;;28/06/2026;12:02:27;11;1432278099;1782648147.56
7476;;28/06/2026;12:29:45;120;3433199403;1782649785.98
7476;;28/06/2026;12:35:50;50;1432278099;1782650150.107
7476;;28/06/2026;12:44:47;19;1732034091;1782650687.119
7476;;28/06/2026;12:56:20;46;1432278099;1782651380.135
7476;;28/06/2026;12:57:57;62;1732034091;1782651477.138
7476;;28/06/2026;12:59:27;50;3433199403;1782651567.141
7478;;28/06/2026;13:25:43;112;1432278099;1782653143.181
7478;;28/06/2026;13:58:30;65;1432278099;1782655110.211
7478;;28/06/2026;14:49:36;4;1635101711;1782658176.262
7476;;28/06/2026;15:32:31;59;3433199403;1782660751.287
7478;;28/06/2026;16:42:53;47;1432278099;1782664973.313
7476;;28/06/2026;21:34:19;15;1732034091;1782682459.77
7476;;28/06/2026;21:50:35;9;3433199403;1782683435.86
7476;;28/06/2026;21:51:01;32;1432278099;1782683461.89
7476;;28/06/2026;22:02:22;46;3433199403;1782684142.92
6783;;28/06/2026;22:55:41;11;992792990;1782687341.127
6783;;28/06/2026;22:56:45;9;992792990;1782687405.133
7477;;28/06/2026;23:49:54;233;9236525318;1782690594.177
6783;;29/06/2026;00:47:40;418;35614287;1782694060.211
7478;;29/06/2026;09:15:01;10;1432278099;1782724501.39
7478;;29/06/2026;09:15:36;11;3433199403;1782724536.42
7476;;29/06/2026;09:18:32;24;3433199403;1782724712.47
7478;;29/06/2026;09:18:35;13;1432278099;1782724715.49
7476;;29/06/2026;10:20:48;54;1635101711;1782728448.130
7476;;29/06/2026;10:21:11;3;1630300037;1782728471.132
7476;;29/06/2026;10:24:06;46;3433199403;1782728646.144
7476;;29/06/2026;10:27:29;35;3433199403;1782728849.151
7476;;29/06/2026;10:37:25;13;1432278099;1782729445.168
7476;;29/06/2026;10:38:10;14;1732034091;1782729490.173
7476;;29/06/2026;10:52:30;34;3433199403;1782730350.199
7476;;29/06/2026;11:09:43;37;1432278099;1782731383.233
7478;;29/06/2026;11:14:16;4;1432278099;1782731656.241
7473;;29/06/2026;11:15:45;37;4132515322;1782731745.250
7476;;29/06/2026;11:19:03;20;1633389039;1782731943.263
7478;;29/06/2026;11:28:58;15;1633389039;1782732538.310
7478;;29/06/2026;11:40:47;36;1432278099;1782733247.410
7476;;29/06/2026;11:47:03;4;1635101711;1782733623.433
7476;;29/06/2026;11:49:00;3;1635101711;1782733740.437
7478;;29/06/2026;12:04:05;51;1432278099;1782734645.491
7478;;29/06/2026;12:13:10;4;1635101711;1782735190.540
7478;;29/06/2026;12:24:31;23;1432278099;1782735871.600
7478;;29/06/2026;12:27:34;15;1432278099;1782736054.613
7478;;29/06/2026;12:39:20;44;1432278099;1782736760.667
7360;SC ANAL CLI;29/06/2026;12:53:40;11;997125603;1782737620.705
7360;SC ANAL CLI;29/06/2026;12:54:45;129;997125603;1782737685.713
7478;;29/06/2026;14:11:23;36;1432278099;1782742283.933
7478;;29/06/2026;14:20:46;17;1633389039;1782742846.965
7478;;29/06/2026;14:28:57;39;1432278099;1782743337.996
7478;;29/06/2026;14:43:39;43;1432278099;1782744219.1058
6783;;29/06/2026;15:21:54;433;998493241;1782746514.14
7476;;29/06/2026;15:32:43;16;1633389039;1782747163.35
7476;;29/06/2026;16:04:39;42;1432278099;1782749079.113
7476;;29/06/2026;16:14:16;30;1732034091;1782749656.118
7360;SC ANAL CLI;29/06/2026;16:19:54;6;981407249;1782749994.125
7360;SC ANAL CLI;29/06/2026;16:20:22;63;971680227;1782750022.130
7479;;29/06/2026;16:36:35;297;1633389039;1782750995.167
7476;;29/06/2026;17:11:27;94;3433199403;1782753087.205
7476;;29/06/2026;18:00:02;17;1732034091;1782756002.224
7478;;29/06/2026;18:18:41;18;1631900610;1782757121.232
7476;;29/06/2026;18:24:44;14;1732034091;1782757484.238
7476;;29/06/2026;19:32:10;45;1732034091;1782761530.271
7476;;29/06/2026;19:37:34;66;3433199403;1782761854.275
7476;;29/06/2026;19:40:20;17;1732034091;1782762020.287
7476;;29/06/2026;19:40:55;20;3433199403;1782762055.291
7476;;29/06/2026;20:13:20;27;3433199403;1782764000.317
7478;;29/06/2026;20:14:32;59;1432278099;1782764072.320
7478;;29/06/2026;20:32:24;70;1432278099;1782765144.353
7478;;29/06/2026;20:46:33;46;1432278099;1782765993.417
7476;;29/06/2026;20:46:42;93;3433199403;1782766002.419
7476;;29/06/2026;21:34:08;34;3433199403;1782768848.494
7476;;30/06/2026;04:17:00;15;3433199403;1782793020.0
7476;;30/06/2026;04:23:46;7;3433199403;1782793426.3
7476;;30/06/2026;08:57:25;10;1732034091;1782809845.9
7476;;30/06/2026;09:50:03;61;3433199403;1782813003.13
7473;;30/06/2026;10:05:00;26;4132515322;1782813900.28
7476;;30/06/2026;10:09:50;83;3433199403;1782814190.42
7473;;30/06/2026;10:12:48;33;4132515322;1782814368.51
7476;;30/06/2026;10:29:45;46;1432278099;1782815385.81
7281;CCAE CMD CHEFE;30/06/2026;10:35:16;8;35627752;1782815715.110
7281;CCAE CMD CHEFE;30/06/2026;10:36:11;109;35627752;1782815771.117
7476;;30/06/2026;10:47:18;41;3433199403;1782816438.157
7476;;30/06/2026;10:51:34;43;1732034091;1782816694.170
7476;;30/06/2026;10:52:47;19;1732034091;1782816767.176
7476;;30/06/2026;11:05:21;1;1732034091;1782817521.253
7476;;30/06/2026;11:22:10;47;1631900610;1782818530.379
7476;;30/06/2026;11:23:18;42;1432278099;1782818598.394
7476;;30/06/2026;11:24:13;23;1732034091;1782818653.405
7476;;30/06/2026;11:28:45;53;3433199403;1782818925.443
7476;;30/06/2026;11:30:12;17;1630300037;1782819012.457
7478;;30/06/2026;11:32:50;57;1432278099;1782819170.502
7476;;30/06/2026;11:33:39;40;3433199403;1782819219.514
7476;;30/06/2026;11:36:04;11;3433199403;1782819364.562
7360;SC ANAL CLI;30/06/2026;11:42:57;9;993257577;1782819777.638
7478;;30/06/2026;11:43:43;162;1432278099;1782819823.652
7360;SC ANAL CLI;30/06/2026;11:44:18;10;991350302;1782819858.661
7476;;30/06/2026;11:51:09;54;1432278099;1782820269.792
7476;;30/06/2026;11:53:14;125;3433199403;1782820394.825
7476;;30/06/2026;11:56:31;35;1630300037;1782820591.886
7476;;30/06/2026;12:28:32;22;1432278099;1782822512.1535
7478;;30/06/2026;12:29:58;21;1432278099;1782822598.1566
7478;;30/06/2026;12:31:31;30;1631900610;1782822691.1604
7476;;30/06/2026;12:34:58;24;1633389039;1782822898.1652
7476;;30/06/2026;12:45:18;209;3433199403;1782823518.1792
7478;;30/06/2026;12:46:56;50;1432278099;1782823616.1819
7476;;30/06/2026;12:51:17;15;3433199403;1782823877.1920
7476;;30/06/2026;13:33:44;19;1633389039;1782826424.2491
7778;SEC-DE ADJ 2;30/06/2026;13:49:06;51;4732321221;1782827346.2810
7476;;30/06/2026;13:56:44;42;1432278099;1782827804.2933
7476;;30/06/2026;13:59:07;66;3433199403;1782827947.2971
7476;;30/06/2026;14:02:49;16;1633389039;1782828169.3079
7476;;30/06/2026;14:10:20;73;3433199403;1782828620.3226
7476;;30/06/2026;14:15:56;10;1432278099;1782828956.3302
7476;;30/06/2026;14:17:26;0;1732034091;1782829046.3320
7476;;30/06/2026;14:18:19;42;1732034091;1782829099.3338
7476;;30/06/2026;14:26:48;15;1732034091;1782829608.3440
7476;;30/06/2026;14:38:49;34;1631900610;1782830329.3582
7478;;30/06/2026;15:19:33;32;1633389039;1782832773.3926
7364;SIS INSP S;30/06/2026;15:20:18;2;84991411442;1782832818.3931
7478;;30/06/2026;15:21:39;85;1631900610;1782832899.3951
7478;;30/06/2026;15:32:05;35;1432278099;1782833525.4002
7476;;30/06/2026;15:42:52;193;1732034091;1782834172.4064
7476;;30/06/2026;16:33:18;46;3433199403;1782837198.4612
7476;;30/06/2026;16:35:10;18;1732034091;1782837310.4654
7476;;30/06/2026;16:35:55;47;1432278099;1782837355.4666
7476;;30/06/2026;16:41:55;14;1633389039;1782837715.4773
6532;SAPL ENC;30/06/2026;16:42:13;9;1935611932;1782837733.4778
6532;SAPL ENC;30/06/2026;16:42:44;40;35611932;1782837764.4785
7478;;30/06/2026;17:41:24;16;1432278099;1782841284.5957
7203;ENC SAUX CMT;30/06/2026;17:59:39;124;6139618462;1782842379.6242
7476;;30/06/2026;18:02:25;48;1633389039;1782842545.6295
7476;;30/06/2026;18:09:46;56;1633389039;1782842986.6417
7476;;30/06/2026;18:13:27;3;1630300037;1782843207.6474
7476;;30/06/2026;18:15:27;18;1630300037;1782843327.6508
7476;;30/06/2026;18:16:07;45;3433199403;1782843367.6519
7478;;30/06/2026;18:43:24;116;1432278099;1782845004.6876
7476;;30/06/2026;19:31:12;106;1732034091;1782847872.7238
7476;;30/06/2026;19:35:44;17;1732034091;1782848144.7257
7476;;30/06/2026;19:38:08;10;1732034091;1782848288.7288
7476;;30/06/2026;21:14:24;43;1432278099;1782854064.7566
7476;;30/06/2026;21:33:54;77;3433199403;1782855234.7590
7476;;30/06/2026;22:51:19;25;3433199403;1782859879.7641
